city_name,init_state,p_infection,p_staying,action_regulation,steps_for_onset,steps_for_recover
Oshiage,S,0.7,0.6,0,200,200
Oshiage,S,0.7,0.6,0,200,200
Oshiage,S,0.7,0.6,0,200,200
Oshiage,S,0.7,0.6,0,200,200
Oshiage,S,0.7,0.6,0,200,200
Oshiage,S,0.7,0.6,0,200,200
Oshiage,S,0.7,0.6,0,200,200
Oshiage,S,0.7,0.6,0,200,200
Oshiage,S,0.7,0.6,0,200,200
Oshiage,S,0.7,0.6,0,200,200
Oshiage,S,0.7,0.6,0,200,200
Oshiage,S,0.7,0.6,0,200,200
Oshiage,S,0.7,0.6,0,200,200
Oshiage,S,0.7,0.6,0,200,200
Oshiage,S,0.7,0.6,0,200,200
Oshiage,S,0.7,0.6,0,200,200
Oshiage,S,0.7,0.6,0,200,200
Oshiage,S,0.7,0.6,0,200,200
Oshiage,S,0.7,0.6,0,200,200
Oshiage,S,0.7,0.6,0,200,200
Oshiage,S,0.7,0.6,0,200,200
Oshiage,S,0.7,0.6,0,200,200
Oshiage,S,0.7,0.6,0,200,200
Oshiage,S,0.7,0.6,0,200,200
Oshiage,S,0.7,0.6,0,200,200
Oshiage,S,0.7,0.6,0,200,200
Oshiage,S,0.7,0.6,0,200,200
Oshiage,S,0.7,0.6,0,200,200
Oshiage,S,0.7,0.6,0,200,200
Oshiage,S,0.7,0.6,0,200,200
Oshiage,S,0.7,0.6,0,200,200
Oshiage,S,0.7,0.6,0,200,200
Kinshicho,S,0.7,0.6,0,200,200
Kinshicho,S,0.7,0.6,0,200,200
Kinshicho,S,0.7,0.6,0,200,200
Kinshicho,S,0.7,0.6,0,200,200
Kinshicho,S,0.7,0.6,0,200,200
Kinshicho,S,0.7,0.6,0,200,200
Kinshicho,S,0.7,0.6,0,200,200
Kinshicho,S,0.7,0.6,0,200,200
Kinshicho,S,0.7,0.6,0,200,200
Kinshicho,S,0.7,0.6,0,200,200
Kinshicho,S,0.7,0.6,0,200,200
Kinshicho,S,0.7,0.6,0,200,200
Kinshicho,S,0.7,0.6,0,200,200
Kinshicho,S,0.7,0.6,0,200,200
Kinshicho,S,0.7,0.6,0,200,200
Kinshicho,S,0.7,0.6,0,200,200
Kinshicho,S,0.7,0.6,0,200,200
Kinshicho,S,0.7,0.6,0,200,200
Kinshicho,S,0.7,0.6,0,200,200
Kinshicho,S,0.7,0.6,0,200,200
Kinshicho,S,0.7,0.6,0,200,200
Kinshicho,S,0.7,0.6,0,200,200
Kinshicho,S,0.7,0.6,0,200,200
Kinshicho,S,0.7,0.6,0,200,200
Kinshicho,S,0.7,0.6,0,200,200
Kinshicho,S,0.7,0.6,0,200,200
Kinshicho,S,0.7,0.6,0,200,200
Kinshicho,S,0.7,0.6,0,200,200
Ueno,S,0.7,0.6,0,200,200
Ueno,S,0.7,0.6,0,200,200
Ueno,S,0.7,0.6,0,200,200
Ueno,S,0.7,0.6,0,200,200
Ueno,S,0.7,0.6,0,200,200
Ueno,S,0.7,0.6,0,200,200
Ueno,S,0.7,0.6,0,200,200
Ueno,S,0.7,0.6,0,200,200
Ueno,S,0.7,0.6,0,200,200
Ueno,S,0.7,0.6,0,200,200
Ueno,S,0.7,0.6,0,200,200
Ueno,S,0.7,0.6,0,200,200
Ueno,S,0.7,0.6,0,200,200
Ueno,S,0.7,0.6,0,200,200
Ueno,S,0.7,0.6,0,200,200
Ueno,S,0.7,0.6,0,200,200
Ueno,S,0.7,0.6,0,200,200
Ueno,S,0.7,0.6,0,200,200
Ueno,S,0.7,0.6,0,200,200
Ueno,S,0.7,0.6,0,200,200
Ueno,S,0.7,0.6,0,200,200
Ueno,S,0.7,0.6,0,200,200
Ueno,S,0.7,0.6,0,200,200
Ueno,S,0.7,0.6,0,200,200
Ueno,S,0.7,0.6,0,200,200
Ueno,S,0.7,0.6,0,200,200
Ueno,S,0.7,0.6,0,200,200
Ueno,S,0.7,0.6,0,200,200
Ueno,S,0.7,0.6,0,200,200
Ueno,S,0.7,0.6,0,200,200
Ueno,S,0.7,0.6,0,200,200
Ueno,S,0.7,0.6,0,200,200
Ueno,S,0.7,0.6,0,200,200
Ueno,S,0.7,0.6,0,200,200
Ueno,S,0.7,0.6,0,200,200
Ueno,S,0.7,0.6,0,200,200
Ueno,S,0.7,0.6,0,200,200
Ueno,S,0.7,0.6,0,200,200
Ueno,S,0.7,0.6,0,200,200
Ueno,S,0.7,0.6,0,200,200
Ueno,S,0.7,0.6,0,200,200
Ueno,S,0.7,0.6,0,200,200
Ueno,S,0.7,0.6,0,200,200
Ueno,S,0.7,0.6,0,200,200
Ueno,S,0.7,0.6,0,200,200
Ueno,S,0.7,0.6,0,200,200
Ueno,S,0.7,0.6,0,200,200
Ueno,S,0.7,0.6,0,200,200
Ueno,S,0.7,0.6,0,200,200
Ueno,S,0.7,0.6,0,200,200
Ueno,S,0.7,0.6,0,200,200
Ueno,S,0.7,0.6,0,200,200
Ueno,S,0.7,0.6,0,200,200
Ueno,S,0.7,0.6,0,200,200
Ueno,S,0.7,0.6,0,200,200
Ueno,S,0.7,0.6,0,200,200
Ueno,S,0.7,0.6,0,200,200
Ueno,S,0.7,0.6,0,200,200
Kasuga,S,0.7,0.6,0,200,200
Kasuga,S,0.7,0.6,0,200,200
Kasuga,S,0.7,0.6,0,200,200
Kasuga,S,0.7,0.6,0,200,200
Kasuga,S,0.7,0.6,0,200,200
Kasuga,S,0.7,0.6,0,200,200
Kasuga,S,0.7,0.6,0,200,200
Kasuga,S,0.7,0.6,0,200,200
Kasuga,S,0.7,0.6,0,200,200
Kasuga,S,0.7,0.6,0,200,200
Kasuga,S,0.7,0.6,0,200,200
Kasuga,S,0.7,0.6,0,200,200
Kasuga,S,0.7,0.6,0,200,200
Kasuga,S,0.7,0.6,0,200,200
Kasuga,S,0.7,0.6,0,200,200
Kasuga,S,0.7,0.6,0,200,200
Kasuga,S,0.7,0.6,0,200,200
Kasuga,S,0.7,0.6,0,200,200
Kasuga,S,0.7,0.6,0,200,200
Kasuga,S,0.7,0.6,0,200,200
Akihabara,S,0.7,0.6,0,200,200
Akihabara,S,0.7,0.6,0,200,200
Akihabara,S,0.7,0.6,0,200,200
Akihabara,S,0.7,0.6,0,200,200
Akihabara,S,0.7,0.6,0,200,200
Akihabara,S,0.7,0.6,0,200,200
Akihabara,S,0.7,0.6,0,200,200
Akihabara,S,0.7,0.6,0,200,200
Akihabara,S,0.7,0.6,0,200,200
Akihabara,S,0.7,0.6,0,200,200
Akihabara,S,0.7,0.6,0,200,200
Akihabara,S,0.7,0.6,0,200,200
Akihabara,S,0.7,0.6,0,200,200
Akihabara,S,0.7,0.6,0,200,200
Akihabara,S,0.7,0.6,0,200,200
Akihabara,S,0.7,0.6,0,200,200
Akihabara,S,0.7,0.6,0,200,200
Akihabara,S,0.7,0.6,0,200,200
Akihabara,S,0.7,0.6,0,200,200
Akihabara,S,0.7,0.6,0,200,200
Akihabara,S,0.7,0.6,0,200,200
Akihabara,S,0.7,0.6,0,200,200
Akihabara,S,0.7,0.6,0,200,200
Akihabara,S,0.7,0.6,0,200,200
Akihabara,S,0.7,0.6,0,200,200
Akihabara,S,0.7,0.6,0,200,200
Akihabara,S,0.7,0.6,0,200,200
Akihabara,S,0.7,0.6,0,200,200
Akihabara,S,0.7,0.6,0,200,200
Akihabara,S,0.7,0.6,0,200,200
Akihabara,S,0.7,0.6,0,200,200
Akihabara,S,0.7,0.6,0,200,200
Akihabara,S,0.7,0.6,0,200,200
Akihabara,S,0.7,0.6,0,200,200
Akihabara,S,0.7,0.6,0,200,200
Akihabara,S,0.7,0.6,0,200,200
Akihabara,S,0.7,0.6,0,200,200
Akihabara,S,0.7,0.6,0,200,200
Akihabara,S,0.7,0.6,0,200,200
Akihabara,S,0.7,0.6,0,200,200
Akihabara,S,0.7,0.6,0,200,200
Akihabara,S,0.7,0.6,0,200,200
Akihabara,S,0.7,0.6,0,200,200
Akihabara,S,0.7,0.6,0,200,200
Akihabara,S,0.7,0.6,0,200,200
Akihabara,S,0.7,0.6,0,200,200
Akihabara,S,0.7,0.6,0,200,200
Akihabara,S,0.7,0.6,0,200,200
Akihabara,S,0.7,0.6,0,200,200
Akihabara,S,0.7,0.6,0,200,200
Akihabara,S,0.7,0.6,0,200,200
Akihabara,S,0.7,0.6,0,200,200
Akihabara,S,0.7,0.6,0,200,200
Akihabara,S,0.7,0.6,0,200,200
Akihabara,S,0.7,0.6,0,200,200
Akihabara,S,0.7,0.6,0,200,200
Akihabara,S,0.7,0.6,0,200,200
Kanda,S,0.7,0.6,0,200,200
Kanda,S,0.7,0.6,0,200,200
Kanda,S,0.7,0.6,0,200,200
Kanda,S,0.7,0.6,0,200,200
Kanda,S,0.7,0.6,0,200,200
Kanda,S,0.7,0.6,0,200,200
Kanda,S,0.7,0.6,0,200,200
Kanda,S,0.7,0.6,0,200,200
Kanda,S,0.7,0.6,0,200,200
Kanda,S,0.7,0.6,0,200,200
Kanda,S,0.7,0.6,0,200,200
Kanda,S,0.7,0.6,0,200,200
Kanda,S,0.7,0.6,0,200,200
Kanda,S,0.7,0.6,0,200,200
Kanda,S,0.7,0.6,0,200,200
Kanda,S,0.7,0.6,0,200,200
Kanda,S,0.7,0.6,0,200,200
Kanda,S,0.7,0.6,0,200,200
Kanda,S,0.7,0.6,0,200,200
Kanda,S,0.7,0.6,0,200,200
Kanda,S,0.7,0.6,0,200,200
Kanda,S,0.7,0.6,0,200,200
Kanda,S,0.7,0.6,0,200,200
Kanda,S,0.7,0.6,0,200,200
Kanda,S,0.7,0.6,0,200,200
Tokyo,I,0.7,0.6,0,200,200
Tokyo,S,0.7,0.6,0,200,200
Tokyo,S,0.7,0.6,0,200,200
Tokyo,S,0.7,0.6,0,200,200
Tokyo,S,0.7,0.6,0,200,200
Tokyo,S,0.7,0.6,0,200,200
Tokyo,S,0.7,0.6,0,200,200
Tokyo,S,0.7,0.6,0,200,200
Tokyo,S,0.7,0.6,0,200,200
Tokyo,S,0.7,0.6,0,200,200
Tokyo,S,0.7,0.6,0,200,200
Tokyo,S,0.7,0.6,0,200,200
Tokyo,S,0.7,0.6,0,200,200
Tokyo,S,0.7,0.6,0,200,200
Tokyo,S,0.7,0.6,0,200,200
Tokyo,S,0.7,0.6,0,200,200
Tokyo,S,0.7,0.6,0,200,200
Tokyo,S,0.7,0.6,0,200,200
Tokyo,S,0.7,0.6,0,200,200
Tokyo,S,0.7,0.6,0,200,200
Tokyo,S,0.7,0.6,0,200,200
Tokyo,S,0.7,0.6,0,200,200
Tokyo,S,0.7,0.6,0,200,200
Tokyo,S,0.7,0.6,0,200,200
Tokyo,S,0.7,0.6,0,200,200
Tokyo,S,0.7,0.6,0,200,200
Tokyo,S,0.7,0.6,0,200,200
Tokyo,S,0.7,0.6,0,200,200
Tokyo,S,0.7,0.6,0,200,200
Tokyo,S,0.7,0.6,0,200,200
Tokyo,S,0.7,0.6,0,200,200
Tokyo,S,0.7,0.6,0,200,200
Tokyo,S,0.7,0.6,0,200,200
Tokyo,S,0.7,0.6,0,200,200
Tokyo,S,0.7,0.6,0,200,200
Tokyo,S,0.7,0.6,0,200,200
Tokyo,S,0.7,0.6,0,200,200
Tokyo,S,0.7,0.6,0,200,200
Tokyo,S,0.7,0.6,0,200,200
Tokyo,S,0.7,0.6,0,200,200
Tokyo,S,0.7,0.6,0,200,200
Tokyo,S,0.7,0.6,0,200,200
Tokyo,S,0.7,0.6,0,200,200
Tokyo,S,0.7,0.6,0,200,200
Tokyo,S,0.7,0.6,0,200,200
Tokyo,S,0.7,0.6,0,200,200
Tokyo,S,0.7,0.6,0,200,200
Tokyo,S,0.7,0.6,0,200,200
Tokyo,S,0.7,0.6,0,200,200
Tokyo,S,0.7,0.6,0,200,200
Tokyo,S,0.7,0.6,0,200,200
Tokyo,S,0.7,0.6,0,200,200
Tokyo,S,0.7,0.6,0,200,200
Tokyo,S,0.7,0.6,0,200,200
Tokyo,S,0.7,0.6,0,200,200
Tokyo,S,0.7,0.6,0,200,200
Tokyo,S,0.7,0.6,0,200,200
Tokyo,S,0.7,0.6,0,200,200
Tokyo,S,0.7,0.6,0,200,200
Tokyo,S,0.7,0.6,0,200,200
Tokyo,S,0.7,0.6,0,200,200
Tokyo,S,0.7,0.6,0,200,200
Tokyo,S,0.7,0.6,0,200,200
Tokyo,S,0.7,0.6,0,200,200
Tokyo,S,0.7,0.6,0,200,200
Tokyo,S,0.7,0.6,0,200,200
Tokyo,S,0.7,0.6,0,200,200
Tokyo,S,0.7,0.6,0,200,200
Tokyo,S,0.7,0.6,0,200,200
Tokyo,S,0.7,0.6,0,200,200
Tokyo,S,0.7,0.6,0,200,200
Tokyo,S,0.7,0.6,0,200,200
Tokyo,S,0.7,0.6,0,200,200
Tokyo,S,0.7,0.6,0,200,200
Tokyo,S,0.7,0.6,0,200,200
Tokyo,S,0.7,0.6,0,200,200
Tokyo,S,0.7,0.6,0,200,200
Tokyo,S,0.7,0.6,0,200,200
Tokyo,S,0.7,0.6,0,200,200
Tokyo,S,0.7,0.6,0,200,200
Tokyo,S,0.7,0.6,0,200,200
Tokyo,S,0.7,0.6,0,200,200
Tokyo,S,0.7,0.6,0,200,200
Tokyo,S,0.7,0.6,0,200,200
Tokyo,S,0.7,0.6,0,200,200
Tokyo,S,0.7,0.6,0,200,200
Tokyo,S,0.7,0.6,0,200,200
Tokyo,S,0.7,0.6,0,200,200
Tokyo,S,0.7,0.6,0,200,200
Tokyo,S,0.7,0.6,0,200,200
Tokyo,S,0.7,0.6,0,200,200
Tokyo,S,0.7,0.6,0,200,200
Tokyo,S,0.7,0.6,0,200,200
Tokyo,S,0.7,0.6,0,200,200
Tokyo,S,0.7,0.6,0,200,200
Tokyo,S,0.7,0.6,0,200,200
Tokyo,S,0.7,0.6,0,200,200
Tokyo,S,0.7,0.6,0,200,200
Tokyo,S,0.7,0.6,0,200,200
Tokyo,S,0.7,0.6,0,200,200
Tokyo,S,0.7,0.6,0,200,200
Tokyo,S,0.7,0.6,0,200,200
Tokyo,S,0.7,0.6,0,200,200
Tokyo,S,0.7,0.6,0,200,200
Tokyo,S,0.7,0.6,0,200,200
Tokyo,S,0.7,0.6,0,200,200
Tokyo,S,0.7,0.6,0,200,200
Tokyo,S,0.7,0.6,0,200,200
Tokyo,S,0.7,0.6,0,200,200
Tokyo,S,0.7,0.6,0,200,200
Ochanomizu,S,0.7,0.6,0,200,200
Ochanomizu,S,0.7,0.6,0,200,200
Ochanomizu,S,0.7,0.6,0,200,200
Ochanomizu,S,0.7,0.6,0,200,200
Ochanomizu,S,0.7,0.6,0,200,200
Ochanomizu,S,0.7,0.6,0,200,200
Ochanomizu,S,0.7,0.6,0,200,200
Ochanomizu,S,0.7,0.6,0,200,200
Ochanomizu,S,0.7,0.6,0,200,200
Ochanomizu,S,0.7,0.6,0,200,200
Ochanomizu,S,0.7,0.6,0,200,200
Ochanomizu,S,0.7,0.6,0,200,200
Ochanomizu,S,0.7,0.6,0,200,200
Ochanomizu,S,0.7,0.6,0,200,200
Ochanomizu,S,0.7,0.6,0,200,200
Ochanomizu,S,0.7,0.6,0,200,200
Ochanomizu,S,0.7,0.6,0,200,200
Ochanomizu,S,0.7,0.6,0,200,200
Ochanomizu,S,0.7,0.6,0,200,200
Ochanomizu,S,0.7,0.6,0,200,200
Ochanomizu,S,0.7,0.6,0,200,200
Ochanomizu,S,0.7,0.6,0,200,200
Ochanomizu,S,0.7,0.6,0,200,200
Ochanomizu,S,0.7,0.6,0,200,200
Ochanomizu,S,0.7,0.6,0,200,200
Ochanomizu,S,0.7,0.6,0,200,200
Ochanomizu,S,0.7,0.6,0,200,200
Ochanomizu,S,0.7,0.6,0,200,200
Ochanomizu,S,0.7,0.6,0,200,200
Ochanomizu,S,0.7,0.6,0,200,200
Ochanomizu,S,0.7,0.6,0,200,200
Ochanomizu,S,0.7,0.6,0,200,200
Ochanomizu,S,0.7,0.6,0,200,200
Ochanomizu,S,0.7,0.6,0,200,200
Ochanomizu,S,0.7,0.6,0,200,200
Ochanomizu,S,0.7,0.6,0,200,200
Ochanomizu,S,0.7,0.6,0,200,200
Ochanomizu,S,0.7,0.6,0,200,200
Ochanomizu,S,0.7,0.6,0,200,200
Ochanomizu,S,0.7,0.6,0,200,200
Ochanomizu,S,0.7,0.6,0,200,200
Ochanomizu,S,0.7,0.6,0,200,200
Ochanomizu,S,0.7,0.6,0,200,200
Ochanomizu,S,0.7,0.6,0,200,200
Ochanomizu,S,0.7,0.6,0,200,200
Ochanomizu,S,0.7,0.6,0,200,200
Otemachi,S,0.7,0.6,0,200,200
Otemachi,S,0.7,0.6,0,200,200
Otemachi,S,0.7,0.6,0,200,200
Otemachi,S,0.7,0.6,0,200,200
Otemachi,S,0.7,0.6,0,200,200
Otemachi,S,0.7,0.6,0,200,200
Otemachi,S,0.7,0.6,0,200,200
Otemachi,S,0.7,0.6,0,200,200
Otemachi,S,0.7,0.6,0,200,200
Otemachi,S,0.7,0.6,0,200,200
Otemachi,S,0.7,0.6,0,200,200
Otemachi,S,0.7,0.6,0,200,200
Otemachi,S,0.7,0.6,0,200,200
Otemachi,S,0.7,0.6,0,200,200
Otemachi,S,0.7,0.6,0,200,200
Otemachi,S,0.7,0.6,0,200,200
Otemachi,S,0.7,0.6,0,200,200
Otemachi,S,0.7,0.6,0,200,200
Otemachi,S,0.7,0.6,0,200,200
Otemachi,S,0.7,0.6,0,200,200
Otemachi,S,0.7,0.6,0,200,200
Otemachi,S,0.7,0.6,0,200,200
Otemachi,S,0.7,0.6,0,200,200
Otemachi,S,0.7,0.6,0,200,200
Otemachi,S,0.7,0.6,0,200,200
Otemachi,S,0.7,0.6,0,200,200
Otemachi,S,0.7,0.6,0,200,200
Otemachi,S,0.7,0.6,0,200,200
Otemachi,S,0.7,0.6,0,200,200
Otemachi,S,0.7,0.6,0,200,200
Otemachi,S,0.7,0.6,0,200,200
Otemachi,S,0.7,0.6,0,200,200
Otemachi,S,0.7,0.6,0,200,200
Otemachi,S,0.7,0.6,0,200,200
Otemachi,S,0.7,0.6,0,200,200
Kasumigaseki,S,0.7,0.6,0,200,200
Kasumigaseki,S,0.7,0.6,0,200,200
Kasumigaseki,S,0.7,0.6,0,200,200
Kasumigaseki,S,0.7,0.6,0,200,200
Kasumigaseki,S,0.7,0.6,0,200,200
Kasumigaseki,S,0.7,0.6,0,200,200
Kasumigaseki,S,0.7,0.6,0,200,200
Kasumigaseki,S,0.7,0.6,0,200,200
Kasumigaseki,S,0.7,0.6,0,200,200
Kasumigaseki,S,0.7,0.6,0,200,200
Kasumigaseki,S,0.7,0.6,0,200,200
Kasumigaseki,S,0.7,0.6,0,200,200
Kasumigaseki,S,0.7,0.6,0,200,200
Kasumigaseki,S,0.7,0.6,0,200,200
Kasumigaseki,S,0.7,0.6,0,200,200
Kasumigaseki,S,0.7,0.6,0,200,200
Kasumigaseki,S,0.7,0.6,0,200,200
Kasumigaseki,S,0.7,0.6,0,200,200
Kasumigaseki,S,0.7,0.6,0,200,200
Kasumigaseki,S,0.7,0.6,0,200,200
Kasumigaseki,S,0.7,0.6,0,200,200
Kasumigaseki,S,0.7,0.6,0,200,200
Kasumigaseki,S,0.7,0.6,0,200,200
Kudanshita,S,0.7,0.6,0,200,200
Kudanshita,S,0.7,0.6,0,200,200
Kudanshita,S,0.7,0.6,0,200,200
Kudanshita,S,0.7,0.6,0,200,200
Kudanshita,S,0.7,0.6,0,200,200
Kudanshita,S,0.7,0.6,0,200,200
Kudanshita,S,0.7,0.6,0,200,200
Kudanshita,S,0.7,0.6,0,200,200
Kudanshita,S,0.7,0.6,0,200,200
Kudanshita,S,0.7,0.6,0,200,200
Kudanshita,S,0.7,0.6,0,200,200
Kudanshita,S,0.7,0.6,0,200,200
Kudanshita,S,0.7,0.6,0,200,200
Kudanshita,S,0.7,0.6,0,200,200
Kudanshita,S,0.7,0.6,0,200,200
Kudanshita,S,0.7,0.6,0,200,200
Kudanshita,S,0.7,0.6,0,200,200
Kudanshita,S,0.7,0.6,0,200,200
Kudanshita,S,0.7,0.6,0,200,200
Kudanshita,S,0.7,0.6,0,200,200
Kudanshita,S,0.7,0.6,0,200,200
Kudanshita,S,0.7,0.6,0,200,200
Kojimachi,S,0.7,0.6,0,200,200
Kojimachi,S,0.7,0.6,0,200,200
Kojimachi,S,0.7,0.6,0,200,200
Kojimachi,S,0.7,0.6,0,200,200
Kojimachi,S,0.7,0.6,0,200,200
Kojimachi,S,0.7,0.6,0,200,200
Kojimachi,S,0.7,0.6,0,200,200
Kojimachi,S,0.7,0.6,0,200,200
Kojimachi,S,0.7,0.6,0,200,200
Kojimachi,S,0.7,0.6,0,200,200
Kojimachi,S,0.7,0.6,0,200,200
Kojimachi,S,0.7,0.6,0,200,200
Nihonbashi,S,0.7,0.6,0,200,200
Nihonbashi,S,0.7,0.6,0,200,200
Nihonbashi,S,0.7,0.6,0,200,200
Nihonbashi,S,0.7,0.6,0,200,200
Nihonbashi,S,0.7,0.6,0,200,200
Nihonbashi,S,0.7,0.6,0,200,200
Nihonbashi,S,0.7,0.6,0,200,200
Nihonbashi,S,0.7,0.6,0,200,200
Nihonbashi,S,0.7,0.6,0,200,200
Nihonbashi,S,0.7,0.6,0,200,200
Nihonbashi,S,0.7,0.6,0,200,200
Nihonbashi,S,0.7,0.6,0,200,200
Nihonbashi,S,0.7,0.6,0,200,200
Nihonbashi,S,0.7,0.6,0,200,200
Nihonbashi,S,0.7,0.6,0,200,200
Nihonbashi,S,0.7,0.6,0,200,200
Nihonbashi,S,0.7,0.6,0,200,200
Nihonbashi,S,0.7,0.6,0,200,200
Nihonbashi,S,0.7,0.6,0,200,200
Nihonbashi,S,0.7,0.6,0,200,200
Nihonbashi,S,0.7,0.6,0,200,200
Nihonbashi,S,0.7,0.6,0,200,200
Nihonbashi,S,0.7,0.6,0,200,200
Nihonbashi,S,0.7,0.6,0,200,200
Nihonbashi,S,0.7,0.6,0,200,200
Ginza,S,0.7,0.6,0,200,200
Ginza,S,0.7,0.6,0,200,200
Ginza,S,0.7,0.6,0,200,200
Ginza,S,0.7,0.6,0,200,200
Ginza,S,0.7,0.6,0,200,200
Ginza,S,0.7,0.6,0,200,200
Ginza,S,0.7,0.6,0,200,200
Ginza,S,0.7,0.6,0,200,200
Ginza,S,0.7,0.6,0,200,200
Ginza,S,0.7,0.6,0,200,200
Ginza,S,0.7,0.6,0,200,200
Ginza,S,0.7,0.6,0,200,200
Ginza,S,0.7,0.6,0,200,200
Ginza,S,0.7,0.6,0,200,200
Ginza,S,0.7,0.6,0,200,200
Ginza,S,0.7,0.6,0,200,200
Ginza,S,0.7,0.6,0,200,200
Ginza,S,0.7,0.6,0,200,200
Ginza,S,0.7,0.6,0,200,200
Ginza,S,0.7,0.6,0,200,200
Ginza,S,0.7,0.6,0,200,200
Ginza,S,0.7,0.6,0,200,200
Ginza,S,0.7,0.6,0,200,200
Ginza,S,0.7,0.6,0,200,200
Ginza,S,0.7,0.6,0,200,200
Ginza,S,0.7,0.6,0,200,200
Ginza,S,0.7,0.6,0,200,200
Ginza,S,0.7,0.6,0,200,200
Ginza,S,0.7,0.6,0,200,200
Ginza,S,0.7,0.6,0,200,200
Ginza,S,0.7,0.6,0,200,200
Ginza,S,0.7,0.6,0,200,200
Ginza,S,0.7,0.6,0,200,200
Ginza,S,0.7,0.6,0,200,200
Ginza,S,0.7,0.6,0,200,200
Ginza,S,0.7,0.6,0,200,200
Ginza,S,0.7,0.6,0,200,200
Ginza,S,0.7,0.6,0,200,200
Ginza,S,0.7,0.6,0,200,200
Ginza,S,0.7,0.6,0,200,200
Ginza,S,0.7,0.6,0,200,200
Ginza,S,0.7,0.6,0,200,200
Ginza,S,0.7,0.6,0,200,200
Ginza,S,0.7,0.6,0,200,200
Ginza,S,0.7,0.6,0,200,200
Ginza,S,0.7,0.6,0,200,200
Ginza,S,0.7,0.6,0,200,200
Ginza,S,0.7,0.6,0,200,200
Ginza,S,0.7,0.6,0,200,200
Ginza,S,0.7,0.6,0,200,200
Ginza,S,0.7,0.6,0,200,200
Ginza,S,0.7,0.6,0,200,200
Ginza,S,0.7,0.6,0,200,200
Ginza,S,0.7,0.6,0,200,200
Ginza,S,0.7,0.6,0,200,200
Ginza,S,0.7,0.6,0,200,200
Ginza,S,0.7,0.6,0,200,200
Ginza,S,0.7,0.6,0,200,200
Ginza,S,0.7,0.6,0,200,200
Ginza,S,0.7,0.6,0,200,200
Ginza,S,0.7,0.6,0,200,200
Ginza,S,0.7,0.6,0,200,200
Ginza,S,0.7,0.6,0,200,200
Ginza,S,0.7,0.6,0,200,200
Ginza,S,0.7,0.6,0,200,200
Ginza,S,0.7,0.6,0,200,200
Ginza,S,0.7,0.6,0,200,200
Ginza,S,0.7,0.6,0,200,200
Ginza,S,0.7,0.6,0,200,200
Ginza,S,0.7,0.6,0,200,200
Ginza,S,0.7,0.6,0,200,200
Ginza,S,0.7,0.6,0,200,200
Ginza,S,0.7,0.6,0,200,200
Ginza,S,0.7,0.6,0,200,200
Ginza,S,0.7,0.6,0,200,200
Ginza,S,0.7,0.6,0,200,200
Ginza,S,0.7,0.6,0,200,200
Ginza,S,0.7,0.6,0,200,200
Ginza,S,0.7,0.6,0,200,200
Ginza,S,0.7,0.6,0,200,200
Ginza,S,0.7,0.6,0,200,200
Ginza,S,0.7,0.6,0,200,200
Ginza,S,0.7,0.6,0,200,200
Ginza,S,0.7,0.6,0,200,200
Ginza,S,0.7,0.6,0,200,200
Ginza,S,0.7,0.6,0,200,200
Ginza,S,0.7,0.6,0,200,200
Ginza,S,0.7,0.6,0,200,200
Ginza,S,0.7,0.6,0,200,200
Shinbashi,S,0.7,0.6,0,200,200
Shinbashi,S,0.7,0.6,0,200,200
Shinbashi,S,0.7,0.6,0,200,200
Shinbashi,S,0.7,0.6,0,200,200
Shinbashi,S,0.7,0.6,0,200,200
Shinbashi,S,0.7,0.6,0,200,200
Shinbashi,S,0.7,0.6,0,200,200
Shinbashi,S,0.7,0.6,0,200,200
Shinbashi,S,0.7,0.6,0,200,200
Shinbashi,S,0.7,0.6,0,200,200
Shinbashi,S,0.7,0.6,0,200,200
Shinbashi,S,0.7,0.6,0,200,200
Shinbashi,S,0.7,0.6,0,200,200
Shinbashi,S,0.7,0.6,0,200,200
Shinbashi,S,0.7,0.6,0,200,200
Shinbashi,S,0.7,0.6,0,200,200
Shinbashi,S,0.7,0.6,0,200,200
Shinbashi,S,0.7,0.6,0,200,200
Shinbashi,S,0.7,0.6,0,200,200
Shinbashi,S,0.7,0.6,0,200,200
Shinbashi,S,0.7,0.6,0,200,200
Shinbashi,S,0.7,0.6,0,200,200
Shinbashi,S,0.7,0.6,0,200,200
Shinbashi,S,0.7,0.6,0,200,200
Shinbashi,S,0.7,0.6,0,200,200
Shinbashi,S,0.7,0.6,0,200,200
Shinbashi,S,0.7,0.6,0,200,200
Shinbashi,S,0.7,0.6,0,200,200
Shinbashi,S,0.7,0.6,0,200,200
Shinbashi,S,0.7,0.6,0,200,200
Shinbashi,S,0.7,0.6,0,200,200
Shinbashi,S,0.7,0.6,0,200,200
Shinbashi,S,0.7,0.6,0,200,200
Shinbashi,S,0.7,0.6,0,200,200
Shinbashi,S,0.7,0.6,0,200,200
Shinbashi,S,0.7,0.6,0,200,200
Shinbashi,S,0.7,0.6,0,200,200
Shinbashi,S,0.7,0.6,0,200,200
Shinbashi,S,0.7,0.6,0,200,200
Shinbashi,S,0.7,0.6,0,200,200
Shinbashi,S,0.7,0.6,0,200,200
Shinbashi,S,0.7,0.6,0,200,200
Shinbashi,S,0.7,0.6,0,200,200
Shinbashi,S,0.7,0.6,0,200,200
Shinbashi,S,0.7,0.6,0,200,200
Shinbashi,S,0.7,0.6,0,200,200
Shinbashi,S,0.7,0.6,0,200,200
Shinbashi,S,0.7,0.6,0,200,200
Shinbashi,S,0.7,0.6,0,200,200
Shinbashi,S,0.7,0.6,0,200,200
Shinbashi,S,0.7,0.6,0,200,200
Shinbashi,S,0.7,0.6,0,200,200
Shinbashi,S,0.7,0.6,0,200,200
Shinbashi,S,0.7,0.6,0,200,200
Shinbashi,S,0.7,0.6,0,200,200
Shinbashi,S,0.7,0.6,0,200,200
Shinbashi,S,0.7,0.6,0,200,200
Shinbashi,S,0.7,0.6,0,200,200
Shinbashi,S,0.7,0.6,0,200,200
Shinbashi,S,0.7,0.6,0,200,200
Shinbashi,S,0.7,0.6,0,200,200
Shinbashi,S,0.7,0.6,0,200,200
Shinbashi,S,0.7,0.6,0,200,200
Shinbashi,S,0.7,0.6,0,200,200
Shinbashi,S,0.7,0.6,0,200,200
Shinbashi,S,0.7,0.6,0,200,200
Shinbashi,S,0.7,0.6,0,200,200
Shinbashi,S,0.7,0.6,0,200,200
Shinbashi,S,0.7,0.6,0,200,200
Shinbashi,S,0.7,0.6,0,200,200
Shinbashi,S,0.7,0.6,0,200,200
Shinbashi,S,0.7,0.6,0,200,200
Shinbashi,S,0.7,0.6,0,200,200
Shinbashi,S,0.7,0.6,0,200,200
Shinbashi,S,0.7,0.6,0,200,200
Shinbashi,S,0.7,0.6,0,200,200
Shinbashi,S,0.7,0.6,0,200,200
Shinbashi,S,0.7,0.6,0,200,200
Shinbashi,S,0.7,0.6,0,200,200
Shinbashi,S,0.7,0.6,0,200,200
Shinbashi,S,0.7,0.6,0,200,200
Shinbashi,S,0.7,0.6,0,200,200
Shinbashi,S,0.7,0.6,0,200,200
Shinbashi,S,0.7,0.6,0,200,200
Shinbashi,S,0.7,0.6,0,200,200
Shinbashi,S,0.7,0.6,0,200,200
Shinbashi,S,0.7,0.6,0,200,200
Shinbashi,S,0.7,0.6,0,200,200
Shinbashi,S,0.7,0.6,0,200,200
Shinbashi,S,0.7,0.6,0,200,200
Hamamatsucho,S,0.7,0.6,0,200,200
Hamamatsucho,S,0.7,0.6,0,200,200
Hamamatsucho,S,0.7,0.6,0,200,200
Hamamatsucho,S,0.7,0.6,0,200,200
Hamamatsucho,S,0.7,0.6,0,200,200
Hamamatsucho,S,0.7,0.6,0,200,200
Hamamatsucho,S,0.7,0.6,0,200,200
Hamamatsucho,S,0.7,0.6,0,200,200
Hamamatsucho,S,0.7,0.6,0,200,200
Hamamatsucho,S,0.7,0.6,0,200,200
Hamamatsucho,S,0.7,0.6,0,200,200
Hamamatsucho,S,0.7,0.6,0,200,200
Hamamatsucho,S,0.7,0.6,0,200,200
Hamamatsucho,S,0.7,0.6,0,200,200
Hamamatsucho,S,0.7,0.6,0,200,200
Hamamatsucho,S,0.7,0.6,0,200,200
Hamamatsucho,S,0.7,0.6,0,200,200
Hamamatsucho,S,0.7,0.6,0,200,200
Hamamatsucho,S,0.7,0.6,0,200,200
Hamamatsucho,S,0.7,0.6,0,200,200
Hamamatsucho,S,0.7,0.6,0,200,200
Hamamatsucho,S,0.7,0.6,0,200,200
Hamamatsucho,S,0.7,0.6,0,200,200
Hamamatsucho,S,0.7,0.6,0,200,200
Hamamatsucho,S,0.7,0.6,0,200,200
Hamamatsucho,S,0.7,0.6,0,200,200
Hamamatsucho,S,0.7,0.6,0,200,200
Hamamatsucho,S,0.7,0.6,0,200,200
Hamamatsucho,S,0.7,0.6,0,200,200
Hamamatsucho,S,0.7,0.6,0,200,200
Hamamatsucho,S,0.7,0.6,0,200,200
Hamamatsucho,S,0.7,0.6,0,200,200
Hamamatsucho,S,0.7,0.6,0,200,200
Hamamatsucho,S,0.7,0.6,0,200,200
Hamamatsucho,S,0.7,0.6,0,200,200
Hamamatsucho,S,0.7,0.6,0,200,200
Hamamatsucho,S,0.7,0.6,0,200,200
Hamamatsucho,S,0.7,0.6,0,200,200
Hamamatsucho,S,0.7,0.6,0,200,200
Hamamatsucho,S,0.7,0.6,0,200,200
Hamamatsucho,S,0.7,0.6,0,200,200
Hamamatsucho,S,0.7,0.6,0,200,200
Hamamatsucho,S,0.7,0.6,0,200,200
Hamamatsucho,S,0.7,0.6,0,200,200
Hamamatsucho,S,0.7,0.6,0,200,200
Hamamatsucho,S,0.7,0.6,0,200,200
Hamamatsucho,S,0.7,0.6,0,200,200
Hamamatsucho,S,0.7,0.6,0,200,200
Hamamatsucho,S,0.7,0.6,0,200,200
Hamamatsucho,S,0.7,0.6,0,200,200
Hamamatsucho,S,0.7,0.6,0,200,200
Hamamatsucho,S,0.7,0.6,0,200,200
Hamamatsucho,S,0.7,0.6,0,200,200
Hamamatsucho,S,0.7,0.6,0,200,200
Hamamatsucho,S,0.7,0.6,0,200,200
Hamamatsucho,S,0.7,0.6,0,200,200
Hamamatsucho,S,0.7,0.6,0,200,200
Hamamatsucho,S,0.7,0.6,0,200,200
Hamamatsucho,S,0.7,0.6,0,200,200
Hamamatsucho,S,0.7,0.6,0,200,200
Hamamatsucho,S,0.7,0.6,0,200,200
Hamamatsucho,S,0.7,0.6,0,200,200
Tamachi,S,0.7,0.6,0,200,200
Tamachi,S,0.7,0.6,0,200,200
Tamachi,S,0.7,0.6,0,200,200
Tamachi,S,0.7,0.6,0,200,200
Tamachi,S,0.7,0.6,0,200,200
Tamachi,S,0.7,0.6,0,200,200
Tamachi,S,0.7,0.6,0,200,200
Tamachi,S,0.7,0.6,0,200,200
Tamachi,S,0.7,0.6,0,200,200
Tamachi,S,0.7,0.6,0,200,200
Tamachi,S,0.7,0.6,0,200,200
Tamachi,S,0.7,0.6,0,200,200
Tamachi,S,0.7,0.6,0,200,200
Tamachi,S,0.7,0.6,0,200,200
Tamachi,S,0.7,0.6,0,200,200
Tamachi,S,0.7,0.6,0,200,200
Tamachi,S,0.7,0.6,0,200,200
Tamachi,S,0.7,0.6,0,200,200
Tamachi,S,0.7,0.6,0,200,200
Tamachi,S,0.7,0.6,0,200,200
Tamachi,S,0.7,0.6,0,200,200
Tamachi,S,0.7,0.6,0,200,200
Tamachi,S,0.7,0.6,0,200,200
Tamachi,S,0.7,0.6,0,200,200
Tamachi,S,0.7,0.6,0,200,200
Tamachi,S,0.7,0.6,0,200,200
Tamachi,S,0.7,0.6,0,200,200
Tamachi,S,0.7,0.6,0,200,200
Tamachi,S,0.7,0.6,0,200,200
Tamachi,S,0.7,0.6,0,200,200
Tamachi,S,0.7,0.6,0,200,200
Tamachi,S,0.7,0.6,0,200,200
Tamachi,S,0.7,0.6,0,200,200
Tamachi,S,0.7,0.6,0,200,200
Tamachi,S,0.7,0.6,0,200,200
Tamachi,S,0.7,0.6,0,200,200
Tamachi,S,0.7,0.6,0,200,200
Tamachi,S,0.7,0.6,0,200,200
Tamachi,S,0.7,0.6,0,200,200
Tamachi,S,0.7,0.6,0,200,200
Tamachi,S,0.7,0.6,0,200,200
Tamachi,S,0.7,0.6,0,200,200
Tamachi,S,0.7,0.6,0,200,200
Tamachi,S,0.7,0.6,0,200,200
Tamachi,S,0.7,0.6,0,200,200
Tamachi,S,0.7,0.6,0,200,200
Tamachi,S,0.7,0.6,0,200,200
Tamachi,S,0.7,0.6,0,200,200
Tamachi,S,0.7,0.6,0,200,200
Shinagawa,S,0.7,0.6,0,200,200
Shinagawa,S,0.7,0.6,0,200,200
Shinagawa,S,0.7,0.6,0,200,200
Shinagawa,S,0.7,0.6,0,200,200
Shinagawa,S,0.7,0.6,0,200,200
Shinagawa,S,0.7,0.6,0,200,200
Shinagawa,S,0.7,0.6,0,200,200
Shinagawa,S,0.7,0.6,0,200,200
Shinagawa,S,0.7,0.6,0,200,200
Shinagawa,S,0.7,0.6,0,200,200
Shinagawa,S,0.7,0.6,0,200,200
Shinagawa,S,0.7,0.6,0,200,200
Shinagawa,S,0.7,0.6,0,200,200
Shinagawa,S,0.7,0.6,0,200,200
Shinagawa,S,0.7,0.6,0,200,200
Shinagawa,S,0.7,0.6,0,200,200
Shinagawa,S,0.7,0.6,0,200,200
Shinagawa,S,0.7,0.6,0,200,200
Shinagawa,S,0.7,0.6,0,200,200
Shinagawa,S,0.7,0.6,0,200,200
Shinagawa,S,0.7,0.6,0,200,200
Shinagawa,S,0.7,0.6,0,200,200
Shinagawa,S,0.7,0.6,0,200,200
Shinagawa,S,0.7,0.6,0,200,200
Shinagawa,S,0.7,0.6,0,200,200
Shinagawa,S,0.7,0.6,0,200,200
Shinagawa,S,0.7,0.6,0,200,200
Shinagawa,S,0.7,0.6,0,200,200
Shinagawa,S,0.7,0.6,0,200,200
Shinagawa,S,0.7,0.6,0,200,200
Shinagawa,S,0.7,0.6,0,200,200
Shinagawa,S,0.7,0.6,0,200,200
Shinagawa,S,0.7,0.6,0,200,200
Shinagawa,S,0.7,0.6,0,200,200
Shinagawa,S,0.7,0.6,0,200,200
Shinagawa,S,0.7,0.6,0,200,200
Shinagawa,S,0.7,0.6,0,200,200
Shinagawa,S,0.7,0.6,0,200,200
Shinagawa,S,0.7,0.6,0,200,200
Shinagawa,S,0.7,0.6,0,200,200
Shinagawa,S,0.7,0.6,0,200,200
Shinagawa,S,0.7,0.6,0,200,200
Shinagawa,S,0.7,0.6,0,200,200
Shinagawa,S,0.7,0.6,0,200,200
Shinagawa,S,0.7,0.6,0,200,200
Shinagawa,S,0.7,0.6,0,200,200
Shinagawa,S,0.7,0.6,0,200,200
Shinagawa,S,0.7,0.6,0,200,200
Shinagawa,S,0.7,0.6,0,200,200
Shinagawa,S,0.7,0.6,0,200,200
Shinagawa,S,0.7,0.6,0,200,200
Shinagawa,S,0.7,0.6,0,200,200
Shinagawa,S,0.7,0.6,0,200,200
Shinagawa,S,0.7,0.6,0,200,200
Shinagawa,S,0.7,0.6,0,200,200
Shinagawa,S,0.7,0.6,0,200,200
Shinagawa,S,0.7,0.6,0,200,200
Shinagawa,S,0.7,0.6,0,200,200
Shinagawa,S,0.7,0.6,0,200,200
Shinagawa,S,0.7,0.6,0,200,200
Shinagawa,S,0.7,0.6,0,200,200
Shinagawa,S,0.7,0.6,0,200,200
Shinagawa,S,0.7,0.6,0,200,200
Shinagawa,S,0.7,0.6,0,200,200
Shinagawa,S,0.7,0.6,0,200,200
Shinagawa,S,0.7,0.6,0,200,200
Shinagawa,S,0.7,0.6,0,200,200
Shinagawa,S,0.7,0.6,0,200,200
Shinagawa,S,0.7,0.6,0,200,200
Shinagawa,S,0.7,0.6,0,200,200
Shinagawa,S,0.7,0.6,0,200,200
Shinagawa,S,0.7,0.6,0,200,200
Shinagawa,S,0.7,0.6,0,200,200
Shinagawa,S,0.7,0.6,0,200,200
Shinagawa,S,0.7,0.6,0,200,200
Shinagawa,S,0.7,0.6,0,200,200
Shinagawa,S,0.7,0.6,0,200,200
Shinagawa,S,0.7,0.6,0,200,200
Shinagawa,S,0.7,0.6,0,200,200
Shinagawa,S,0.7,0.6,0,200,200
Shinagawa,S,0.7,0.6,0,200,200
Shinagawa,S,0.7,0.6,0,200,200
Shinagawa,S,0.7,0.6,0,200,200
Shinagawa,S,0.7,0.6,0,200,200
Shinagawa,S,0.7,0.6,0,200,200
Shinagawa,S,0.7,0.6,0,200,200
Shinagawa,S,0.7,0.6,0,200,200
Shinagawa,S,0.7,0.6,0,200,200
Shinagawa,S,0.7,0.6,0,200,200
Shinagawa,S,0.7,0.6,0,200,200
Shinagawa,S,0.7,0.6,0,200,200
Shinagawa,S,0.7,0.6,0,200,200
Shinagawa,S,0.7,0.6,0,200,200
Shinagawa,S,0.7,0.6,0,200,200
Akasaka,S,0.7,0.6,0,200,200
Akasaka,S,0.7,0.6,0,200,200
Akasaka,S,0.7,0.6,0,200,200
Akasaka,S,0.7,0.6,0,200,200
Akasaka,S,0.7,0.6,0,200,200
Akasaka,S,0.7,0.6,0,200,200
Akasaka,S,0.7,0.6,0,200,200
Akasaka,S,0.7,0.6,0,200,200
Akasaka,S,0.7,0.6,0,200,200
Akasaka,S,0.7,0.6,0,200,200
Akasaka,S,0.7,0.6,0,200,200
Akasaka,S,0.7,0.6,0,200,200
Akasaka,S,0.7,0.6,0,200,200
Akasaka,S,0.7,0.6,0,200,200
Akasaka,S,0.7,0.6,0,200,200
Akasaka,S,0.7,0.6,0,200,200
Akasaka,S,0.7,0.6,0,200,200
Akasaka,S,0.7,0.6,0,200,200
Akasaka,S,0.7,0.6,0,200,200
Akasaka,S,0.7,0.6,0,200,200
Akasaka,S,0.7,0.6,0,200,200
Akasaka,S,0.7,0.6,0,200,200
Akasaka,S,0.7,0.6,0,200,200
Akasaka,S,0.7,0.6,0,200,200
Akasaka,S,0.7,0.6,0,200,200
Akasaka,S,0.7,0.6,0,200,200
Akasaka,S,0.7,0.6,0,200,200
Akasaka,S,0.7,0.6,0,200,200
Akasaka,S,0.7,0.6,0,200,200
Akasaka,S,0.7,0.6,0,200,200
Akasaka,S,0.7,0.6,0,200,200
Akasaka,S,0.7,0.6,0,200,200
Akasaka,S,0.7,0.6,0,200,200
Akasaka,S,0.7,0.6,0,200,200
Akasaka,S,0.7,0.6,0,200,200
Akasaka,S,0.7,0.6,0,200,200
Akasaka,S,0.7,0.6,0,200,200
Roppongi,S,0.7,0.6,0,200,200
Roppongi,S,0.7,0.6,0,200,200
Roppongi,S,0.7,0.6,0,200,200
Roppongi,S,0.7,0.6,0,200,200
Roppongi,S,0.7,0.6,0,200,200
Roppongi,S,0.7,0.6,0,200,200
Roppongi,S,0.7,0.6,0,200,200
Roppongi,S,0.7,0.6,0,200,200
Roppongi,S,0.7,0.6,0,200,200
Roppongi,S,0.7,0.6,0,200,200
Roppongi,S,0.7,0.6,0,200,200
Roppongi,S,0.7,0.6,0,200,200
Roppongi,S,0.7,0.6,0,200,200
Roppongi,S,0.7,0.6,0,200,200
Roppongi,S,0.7,0.6,0,200,200
Roppongi,S,0.7,0.6,0,200,200
Roppongi,S,0.7,0.6,0,200,200
Roppongi,S,0.7,0.6,0,200,200
Roppongi,S,0.7,0.6,0,200,200
Roppongi,S,0.7,0.6,0,200,200
Roppongi,S,0.7,0.6,0,200,200
Aoyama,S,0.7,0.6,0,200,200
Aoyama,S,0.7,0.6,0,200,200
Aoyama,S,0.7,0.6,0,200,200
Aoyama,S,0.7,0.6,0,200,200
Aoyama,S,0.7,0.6,0,200,200
Aoyama,S,0.7,0.6,0,200,200
Aoyama,S,0.7,0.6,0,200,200
Aoyama,S,0.7,0.6,0,200,200
Aoyama,S,0.7,0.6,0,200,200
Aoyama,S,0.7,0.6,0,200,200
Aoyama,S,0.7,0.6,0,200,200
Aoyama,S,0.7,0.6,0,200,200
Aoyama,S,0.7,0.6,0,200,200
Aoyama,S,0.7,0.6,0,200,200
Aoyama,S,0.7,0.6,0,200,200
Aoyama,S,0.7,0.6,0,200,200
Omotesando,S,0.7,0.6,0,200,200
Omotesando,S,0.7,0.6,0,200,200
Omotesando,S,0.7,0.6,0,200,200
Omotesando,S,0.7,0.6,0,200,200
Omotesando,S,0.7,0.6,0,200,200
Omotesando,S,0.7,0.6,0,200,200
Omotesando,S,0.7,0.6,0,200,200
Omotesando,S,0.7,0.6,0,200,200
Omotesando,S,0.7,0.6,0,200,200
Omotesando,S,0.7,0.6,0,200,200
Omotesando,S,0.7,0.6,0,200,200
Omotesando,S,0.7,0.6,0,200,200
Omotesando,S,0.7,0.6,0,200,200
Omotesando,S,0.7,0.6,0,200,200
Omotesando,S,0.7,0.6,0,200,200
Iidabashi,S,0.7,0.6,0,200,200
Iidabashi,S,0.7,0.6,0,200,200
Iidabashi,S,0.7,0.6,0,200,200
Iidabashi,S,0.7,0.6,0,200,200
Iidabashi,S,0.7,0.6,0,200,200
Iidabashi,S,0.7,0.6,0,200,200
Iidabashi,S,0.7,0.6,0,200,200
Iidabashi,S,0.7,0.6,0,200,200
Iidabashi,S,0.7,0.6,0,200,200
Iidabashi,S,0.7,0.6,0,200,200
Iidabashi,S,0.7,0.6,0,200,200
Iidabashi,S,0.7,0.6,0,200,200
Iidabashi,S,0.7,0.6,0,200,200
Iidabashi,S,0.7,0.6,0,200,200
Iidabashi,S,0.7,0.6,0,200,200
Iidabashi,S,0.7,0.6,0,200,200
Iidabashi,S,0.7,0.6,0,200,200
Iidabashi,S,0.7,0.6,0,200,200
Iidabashi,S,0.7,0.6,0,200,200
Iidabashi,S,0.7,0.6,0,200,200
Iidabashi,S,0.7,0.6,0,200,200
Iidabashi,S,0.7,0.6,0,200,200
Iidabashi,S,0.7,0.6,0,200,200
Iidabashi,S,0.7,0.6,0,200,200
Iidabashi,S,0.7,0.6,0,200,200
Iidabashi,S,0.7,0.6,0,200,200
Iidabashi,S,0.7,0.6,0,200,200
Iidabashi,S,0.7,0.6,0,200,200
Iidabashi,S,0.7,0.6,0,200,200
Iidabashi,S,0.7,0.6,0,200,200
Iidabashi,S,0.7,0.6,0,200,200
Iidabashi,S,0.7,0.6,0,200,200
Iidabashi,S,0.7,0.6,0,200,200
Iidabashi,S,0.7,0.6,0,200,200
Iidabashi,S,0.7,0.6,0,200,200
Iidabashi,S,0.7,0.6,0,200,200
Iidabashi,S,0.7,0.6,0,200,200
Iidabashi,S,0.7,0.6,0,200,200
Yotsuya,S,0.7,0.6,0,200,200
Yotsuya,S,0.7,0.6,0,200,200
Yotsuya,S,0.7,0.6,0,200,200
Yotsuya,S,0.7,0.6,0,200,200
Yotsuya,S,0.7,0.6,0,200,200
Yotsuya,S,0.7,0.6,0,200,200
Yotsuya,S,0.7,0.6,0,200,200
Yotsuya,S,0.7,0.6,0,200,200
Yotsuya,S,0.7,0.6,0,200,200
Yotsuya,S,0.7,0.6,0,200,200
Yotsuya,S,0.7,0.6,0,200,200
Yotsuya,S,0.7,0.6,0,200,200
Yotsuya,S,0.7,0.6,0,200,200
Yotsuya,S,0.7,0.6,0,200,200
Yotsuya,S,0.7,0.6,0,200,200
Yotsuya,S,0.7,0.6,0,200,200
Yotsuya,S,0.7,0.6,0,200,200
Yotsuya,S,0.7,0.6,0,200,200
Yotsuya,S,0.7,0.6,0,200,200
Yotsuya,S,0.7,0.6,0,200,200
Yotsuya,S,0.7,0.6,0,200,200
Yotsuya,S,0.7,0.6,0,200,200
Yotsuya,S,0.7,0.6,0,200,200
Yotsuya,S,0.7,0.6,0,200,200
Yotsuya,S,0.7,0.6,0,200,200
Yotsuya,S,0.7,0.6,0,200,200
Yotsuya,S,0.7,0.6,0,200,200
Yotsuya,S,0.7,0.6,0,200,200
Shinjuku,S,0.7,0.6,0,200,200
Shinjuku,S,0.7,0.6,0,200,200
Shinjuku,S,0.7,0.6,0,200,200
Shinjuku,S,0.7,0.6,0,200,200
Shinjuku,S,0.7,0.6,0,200,200
Shinjuku,S,0.7,0.6,0,200,200
Shinjuku,S,0.7,0.6,0,200,200
Shinjuku,S,0.7,0.6,0,200,200
Shinjuku,S,0.7,0.6,0,200,200
Shinjuku,S,0.7,0.6,0,200,200
Shinjuku,S,0.7,0.6,0,200,200
Shinjuku,S,0.7,0.6,0,200,200
Shinjuku,S,0.7,0.6,0,200,200
Shinjuku,S,0.7,0.6,0,200,200
Shinjuku,S,0.7,0.6,0,200,200
Shinjuku,S,0.7,0.6,0,200,200
Shinjuku,S,0.7,0.6,0,200,200
Shinjuku,S,0.7,0.6,0,200,200
Shinjuku,S,0.7,0.6,0,200,200
Shinjuku,S,0.7,0.6,0,200,200
Shinjuku,S,0.7,0.6,0,200,200
Shinjuku,S,0.7,0.6,0,200,200
Shinjuku,S,0.7,0.6,0,200,200
Shinjuku,S,0.7,0.6,0,200,200
Shinjuku,S,0.7,0.6,0,200,200
Shinjuku,S,0.7,0.6,0,200,200
Shinjuku,S,0.7,0.6,0,200,200
Shinjuku,S,0.7,0.6,0,200,200
Shinjuku,S,0.7,0.6,0,200,200
Shinjuku,S,0.7,0.6,0,200,200
Shinjuku,S,0.7,0.6,0,200,200
Shinjuku,S,0.7,0.6,0,200,200
Shinjuku,S,0.7,0.6,0,200,200
Shinjuku,S,0.7,0.6,0,200,200
Shinjuku,S,0.7,0.6,0,200,200
Shinjuku,S,0.7,0.6,0,200,200
Shinjuku,S,0.7,0.6,0,200,200
Shinjuku,S,0.7,0.6,0,200,200
Shinjuku,S,0.7,0.6,0,200,200
Shinjuku,S,0.7,0.6,0,200,200
Shinjuku,S,0.7,0.6,0,200,200
Shinjuku,S,0.7,0.6,0,200,200
Shinjuku,S,0.7,0.6,0,200,200
Shinjuku,S,0.7,0.6,0,200,200
Shinjuku,S,0.7,0.6,0,200,200
Shinjuku,S,0.7,0.6,0,200,200
Shinjuku,S,0.7,0.6,0,200,200
Shinjuku,S,0.7,0.6,0,200,200
Shinjuku,S,0.7,0.6,0,200,200
Shinjuku,S,0.7,0.6,0,200,200
Shinjuku,S,0.7,0.6,0,200,200
Shinjuku,S,0.7,0.6,0,200,200
Shinjuku,S,0.7,0.6,0,200,200
Shinjuku,S,0.7,0.6,0,200,200
Shinjuku,S,0.7,0.6,0,200,200
Shinjuku,S,0.7,0.6,0,200,200
Shinjuku,S,0.7,0.6,0,200,200
Shinjuku,S,0.7,0.6,0,200,200
Shinjuku,S,0.7,0.6,0,200,200
Shinjuku,S,0.7,0.6,0,200,200
Shinjuku,S,0.7,0.6,0,200,200
Shinjuku,S,0.7,0.6,0,200,200
Shinjuku,S,0.7,0.6,0,200,200
Shinjuku,S,0.7,0.6,0,200,200
Shinjuku,S,0.7,0.6,0,200,200
Shinjuku,S,0.7,0.6,0,200,200
Shinjuku,S,0.7,0.6,0,200,200
Shinjuku,S,0.7,0.6,0,200,200
Shinjuku,S,0.7,0.6,0,200,200
Shinjuku,S,0.7,0.6,0,200,200
Shinjuku,S,0.7,0.6,0,200,200
Shinjuku,S,0.7,0.6,0,200,200
Shinjuku,S,0.7,0.6,0,200,200
Shinjuku,S,0.7,0.6,0,200,200
Shinjuku,S,0.7,0.6,0,200,200
Shinjuku,S,0.7,0.6,0,200,200
Shinjuku,S,0.7,0.6,0,200,200
Shinjuku,S,0.7,0.6,0,200,200
Shinjuku,S,0.7,0.6,0,200,200
Shinjuku,S,0.7,0.6,0,200,200
Shinjuku,S,0.7,0.6,0,200,200
Shinjuku,S,0.7,0.6,0,200,200
Shinjuku,S,0.7,0.6,0,200,200
Shinjuku,S,0.7,0.6,0,200,200
Shinjuku,S,0.7,0.6,0,200,200
Shinjuku,S,0.7,0.6,0,200,200
Shinjuku,S,0.7,0.6,0,200,200
Shinjuku,S,0.7,0.6,0,200,200
Shinjuku,S,0.7,0.6,0,200,200
Shinjuku,S,0.7,0.6,0,200,200
Shinjuku,S,0.7,0.6,0,200,200
Shinjuku,S,0.7,0.6,0,200,200
Shinjuku,S,0.7,0.6,0,200,200
Shinjuku,S,0.7,0.6,0,200,200
Shinjuku,S,0.7,0.6,0,200,200
Shinjuku,S,0.7,0.6,0,200,200
Shinjuku,S,0.7,0.6,0,200,200
Shinjuku,S,0.7,0.6,0,200,200
Shinjuku,S,0.7,0.6,0,200,200
Shinjuku,S,0.7,0.6,0,200,200
Shinjuku,S,0.7,0.6,0,200,200
Shinjuku,S,0.7,0.6,0,200,200
Shinjuku,S,0.7,0.6,0,200,200
Shinjuku,S,0.7,0.6,0,200,200
Shinjuku,S,0.7,0.6,0,200,200
Shinjuku,S,0.7,0.6,0,200,200
Shinjuku,S,0.7,0.6,0,200,200
Shinjuku,S,0.7,0.6,0,200,200
Shinjuku,S,0.7,0.6,0,200,200
Shinjuku,S,0.7,0.6,0,200,200
Shinjuku,S,0.7,0.6,0,200,200
Shinjuku,S,0.7,0.6,0,200,200
Shinjuku,S,0.7,0.6,0,200,200
Shinjuku,S,0.7,0.6,0,200,200
Shinjuku,S,0.7,0.6,0,200,200
Shinjuku,S,0.7,0.6,0,200,200
Shinjuku,S,0.7,0.6,0,200,200
Shinjuku,S,0.7,0.6,0,200,200
Shinjuku,S,0.7,0.6,0,200,200
Shinjuku,S,0.7,0.6,0,200,200
Shinjuku,S,0.7,0.6,0,200,200
Shinjuku,S,0.7,0.6,0,200,200
Shinjuku,S,0.7,0.6,0,200,200
Shinjuku,S,0.7,0.6,0,200,200
Shinjuku,S,0.7,0.6,0,200,200
Shinjuku,S,0.7,0.6,0,200,200
Shinjuku,S,0.7,0.6,0,200,200
Shinjuku,S,0.7,0.6,0,200,200
Shinjuku,S,0.7,0.6,0,200,200
Shinjuku,S,0.7,0.6,0,200,200
Shinjuku,S,0.7,0.6,0,200,200
Shinjuku,S,0.7,0.6,0,200,200
Shinjuku,S,0.7,0.6,0,200,200
Shinjuku,S,0.7,0.6,0,200,200
Shinjuku,S,0.7,0.6,0,200,200
Shinjuku,S,0.7,0.6,0,200,200
Shinjuku,S,0.7,0.6,0,200,200
Shinjuku,S,0.7,0.6,0,200,200
Shinjuku,S,0.7,0.6,0,200,200
Shinjuku,S,0.7,0.6,0,200,200
Shinjuku,S,0.7,0.6,0,200,200
Shinjuku,S,0.7,0.6,0,200,200
Shinjuku,S,0.7,0.6,0,200,200
Shinjuku,S,0.7,0.6,0,200,200
Shinjuku,S,0.7,0.6,0,200,200
Shinjuku,S,0.7,0.6,0,200,200
Shinjuku,S,0.7,0.6,0,200,200
Shinjuku,S,0.7,0.6,0,200,200
Shinjuku,S,0.7,0.6,0,200,200
Shinjuku,S,0.7,0.6,0,200,200
Shinjuku,S,0.7,0.6,0,200,200
Shinjuku,S,0.7,0.6,0,200,200
Shinjuku,S,0.7,0.6,0,200,200
Shinjuku,S,0.7,0.6,0,200,200
Shinjuku,S,0.7,0.6,0,200,200
Shinjuku,S,0.7,0.6,0,200,200
Shinjuku,S,0.7,0.6,0,200,200
Shinjuku,S,0.7,0.6,0,200,200
Shinjuku,S,0.7,0.6,0,200,200
Shinjuku,S,0.7,0.6,0,200,200
Shinjuku,S,0.7,0.6,0,200,200
Shinjuku,S,0.7,0.6,0,200,200
Shinjuku,S,0.7,0.6,0,200,200
Shinjuku,S,0.7,0.6,0,200,200
Shinjuku,S,0.7,0.6,0,200,200
Shinjuku,S,0.7,0.6,0,200,200
Shinjuku,S,0.7,0.6,0,200,200
Shinjuku,S,0.7,0.6,0,200,200
Shinjuku,S,0.7,0.6,0,200,200
Shinjuku,S,0.7,0.6,0,200,200
Shinjuku,S,0.7,0.6,0,200,200
Shinjuku,S,0.7,0.6,0,200,200
Shinjuku,S,0.7,0.6,0,200,200
Shinjuku,S,0.7,0.6,0,200,200
Shinjuku,S,0.7,0.6,0,200,200
Shinjuku,S,0.7,0.6,0,200,200
Shinjuku,S,0.7,0.6,0,200,200
Shinjuku,S,0.7,0.6,0,200,200
Shinjuku,S,0.7,0.6,0,200,200
Shinjuku,S,0.7,0.6,0,200,200
Shinjuku,S,0.7,0.6,0,200,200
Shinjuku,S,0.7,0.6,0,200,200
Shinjuku,S,0.7,0.6,0,200,200
Shinjuku,S,0.7,0.6,0,200,200
Shinjuku,S,0.7,0.6,0,200,200
Shinjuku,S,0.7,0.6,0,200,200
Shinjuku,S,0.7,0.6,0,200,200
Shinjuku,S,0.7,0.6,0,200,200
Shinjuku,S,0.7,0.6,0,200,200
Shinjuku,S,0.7,0.6,0,200,200
Shinjuku,S,0.7,0.6,0,200,200
Shinjuku,S,0.7,0.6,0,200,200
Shinjuku,S,0.7,0.6,0,200,200
Shinjuku,S,0.7,0.6,0,200,200
Shinjuku,S,0.7,0.6,0,200,200
Shinjuku,S,0.7,0.6,0,200,200
Shinjuku,S,0.7,0.6,0,200,200
Shinjuku,S,0.7,0.6,0,200,200
Shinjuku,S,0.7,0.6,0,200,200
Shinjuku,S,0.7,0.6,0,200,200
Shinjuku,S,0.7,0.6,0,200,200
Shinjuku,S,0.7,0.6,0,200,200
Shinjuku,S,0.7,0.6,0,200,200
Shinjuku,S,0.7,0.6,0,200,200
Shinjuku,S,0.7,0.6,0,200,200
Shinjuku,S,0.7,0.6,0,200,200
Shinjuku,S,0.7,0.6,0,200,200
Shinjuku,S,0.7,0.6,0,200,200
Shinjuku,S,0.7,0.6,0,200,200
Shinjuku,S,0.7,0.6,0,200,200
Shinjuku,S,0.7,0.6,0,200,200
Shinjuku,S,0.7,0.6,0,200,200
Shinjuku,S,0.7,0.6,0,200,200
Shinjuku,S,0.7,0.6,0,200,200
Shinjuku,S,0.7,0.6,0,200,200
Shinjuku,S,0.7,0.6,0,200,200
Shinjuku,S,0.7,0.6,0,200,200
Shinjuku,S,0.7,0.6,0,200,200
Shinjuku,S,0.7,0.6,0,200,200
Shinjuku,S,0.7,0.6,0,200,200
Shinjuku,S,0.7,0.6,0,200,200
Shinjuku,S,0.7,0.6,0,200,200
Shinjuku,S,0.7,0.6,0,200,200
Shinjuku,S,0.7,0.6,0,200,200
Shinjuku,S,0.7,0.6,0,200,200
Shinjuku,S,0.7,0.6,0,200,200
Shinjuku,S,0.7,0.6,0,200,200
Shinjuku,S,0.7,0.6,0,200,200
Shinjuku,S,0.7,0.6,0,200,200
Shinjuku,S,0.7,0.6,0,200,200
Shinjuku,S,0.7,0.6,0,200,200
Shinjuku,S,0.7,0.6,0,200,200
Shinjuku,S,0.7,0.6,0,200,200
Shinjuku,S,0.7,0.6,0,200,200
Shinjuku,S,0.7,0.6,0,200,200
Shinjuku,S,0.7,0.6,0,200,200
Shinjuku,S,0.7,0.6,0,200,200
Shinjuku,S,0.7,0.6,0,200,200
Shinjuku,S,0.7,0.6,0,200,200
Shinjuku,S,0.7,0.6,0,200,200
Shinjuku,S,0.7,0.6,0,200,200
Shinjuku,S,0.7,0.6,0,200,200
Shinjuku,S,0.7,0.6,0,200,200
Shinjuku,S,0.7,0.6,0,200,200
Shinjuku,S,0.7,0.6,0,200,200
Shinjuku,S,0.7,0.6,0,200,200
Shinjuku,S,0.7,0.6,0,200,200
Shinjuku,S,0.7,0.6,0,200,200
Shinjuku,S,0.7,0.6,0,200,200
Shinjuku,S,0.7,0.6,0,200,200
Shinjuku,S,0.7,0.6,0,200,200
Shinjuku,S,0.7,0.6,0,200,200
Shinjuku,S,0.7,0.6,0,200,200
Shinjuku,S,0.7,0.6,0,200,200
Shinjuku,S,0.7,0.6,0,200,200
Shinjuku,S,0.7,0.6,0,200,200
Shinjuku,S,0.7,0.6,0,200,200
Shinjuku,S,0.7,0.6,0,200,200
Shinjuku,S,0.7,0.6,0,200,200
Shinjuku,S,0.7,0.6,0,200,200
Shinjuku,S,0.7,0.6,0,200,200
Shinjuku,S,0.7,0.6,0,200,200
Shinjuku,S,0.7,0.6,0,200,200
Shinjuku,S,0.7,0.6,0,200,200
Shinjuku,S,0.7,0.6,0,200,200
Shinjuku,S,0.7,0.6,0,200,200
Shinjuku,S,0.7,0.6,0,200,200
Shinjuku,S,0.7,0.6,0,200,200
Shinjuku,S,0.7,0.6,0,200,200
Shinjuku,S,0.7,0.6,0,200,200
Shinjuku,S,0.7,0.6,0,200,200
Shinjuku,S,0.7,0.6,0,200,200
Shinjuku,S,0.7,0.6,0,200,200
Shinjuku,S,0.7,0.6,0,200,200
Shinjuku,S,0.7,0.6,0,200,200
Shinjuku,S,0.7,0.6,0,200,200
Shinjuku,S,0.7,0.6,0,200,200
Shinjuku,S,0.7,0.6,0,200,200
Shinjuku,S,0.7,0.6,0,200,200
Shinjuku,S,0.7,0.6,0,200,200
Shinjuku,S,0.7,0.6,0,200,200
Shinjuku,S,0.7,0.6,0,200,200
Shinjuku,S,0.7,0.6,0,200,200
Shinjuku,S,0.7,0.6,0,200,200
Shinjuku,S,0.7,0.6,0,200,200
Shinjuku,S,0.7,0.6,0,200,200
Shinjuku,S,0.7,0.6,0,200,200
Shinjuku,S,0.7,0.6,0,200,200
Shinjuku,S,0.7,0.6,0,200,200
Shinjuku,S,0.7,0.6,0,200,200
Shinjuku,S,0.7,0.6,0,200,200
Shinjuku,S,0.7,0.6,0,200,200
Shinjuku,S,0.7,0.6,0,200,200
Shinjuku,S,0.7,0.6,0,200,200
Shinjuku,S,0.7,0.6,0,200,200
Shinjuku,S,0.7,0.6,0,200,200
Shinjuku,S,0.7,0.6,0,200,200
Shinjuku,S,0.7,0.6,0,200,200
Shinjuku,S,0.7,0.6,0,200,200
Shinjuku,S,0.7,0.6,0,200,200
Shinjuku,S,0.7,0.6,0,200,200
Shinjuku,S,0.7,0.6,0,200,200
Shinjuku,S,0.7,0.6,0,200,200
Shinjuku,S,0.7,0.6,0,200,200
Shinjuku,S,0.7,0.6,0,200,200
Shinjuku,S,0.7,0.6,0,200,200
Shinjuku,S,0.7,0.6,0,200,200
Shinjuku,S,0.7,0.6,0,200,200
Shinjuku,S,0.7,0.6,0,200,200
Shinjuku,S,0.7,0.6,0,200,200
Shinjuku,S,0.7,0.6,0,200,200
Shinjuku,S,0.7,0.6,0,200,200
Shinjuku,S,0.7,0.6,0,200,200
Shinjuku,S,0.7,0.6,0,200,200
Shinjuku,S,0.7,0.6,0,200,200
Shinjuku,S,0.7,0.6,0,200,200
Shinjuku,S,0.7,0.6,0,200,200
Shinjuku,S,0.7,0.6,0,200,200
Shinjuku,S,0.7,0.6,0,200,200
Shinjuku,S,0.7,0.6,0,200,200
Shinjuku,S,0.7,0.6,0,200,200
Shinjuku,S,0.7,0.6,0,200,200
Shinjuku,S,0.7,0.6,0,200,200
Shinjuku,S,0.7,0.6,0,200,200
Shinjuku,S,0.7,0.6,0,200,200
Shinjuku,S,0.7,0.6,0,200,200
Shinjuku,S,0.7,0.6,0,200,200
Shinjuku,S,0.7,0.6,0,200,200
Shinjuku,S,0.7,0.6,0,200,200
Shinjuku,S,0.7,0.6,0,200,200
Shinjuku,S,0.7,0.6,0,200,200
Shinjuku,S,0.7,0.6,0,200,200
Shinjuku,S,0.7,0.6,0,200,200
Shinjuku,S,0.7,0.6,0,200,200
Shinjuku,S,0.7,0.6,0,200,200
Shinjuku,S,0.7,0.6,0,200,200
Shinjuku,S,0.7,0.6,0,200,200
Shinjuku,S,0.7,0.6,0,200,200
Shinjuku,S,0.7,0.6,0,200,200
Shinjuku,S,0.7,0.6,0,200,200
Shinjuku,S,0.7,0.6,0,200,200
Shinjuku,S,0.7,0.6,0,200,200
Shinjuku,S,0.7,0.6,0,200,200
Shinjuku,S,0.7,0.6,0,200,200
Shinjuku,S,0.7,0.6,0,200,200
Shinjuku,S,0.7,0.6,0,200,200
Shinjuku,S,0.7,0.6,0,200,200
Shinjuku,S,0.7,0.6,0,200,200
Shinjuku,S,0.7,0.6,0,200,200
Shinjuku,S,0.7,0.6,0,200,200
Shinjuku,S,0.7,0.6,0,200,200
Shinjuku,S,0.7,0.6,0,200,200
Shinjuku,S,0.7,0.6,0,200,200
Shinjuku,S,0.7,0.6,0,200,200
Shinjuku,S,0.7,0.6,0,200,200
Shinjuku,S,0.7,0.6,0,200,200
Shinjuku,S,0.7,0.6,0,200,200
Shinjuku,S,0.7,0.6,0,200,200
Shinjuku,S,0.7,0.6,0,200,200
Shinjuku,S,0.7,0.6,0,200,200
Shinjuku,S,0.7,0.6,0,200,200
Shinjuku,S,0.7,0.6,0,200,200
Shinjuku,S,0.7,0.6,0,200,200
Shinjuku,S,0.7,0.6,0,200,200
Shinjuku,S,0.7,0.6,0,200,200
Ikebukuro,S,0.7,0.6,0,200,200
Ikebukuro,S,0.7,0.6,0,200,200
Ikebukuro,S,0.7,0.6,0,200,200
Ikebukuro,S,0.7,0.6,0,200,200
Ikebukuro,S,0.7,0.6,0,200,200
Ikebukuro,S,0.7,0.6,0,200,200
Ikebukuro,S,0.7,0.6,0,200,200
Ikebukuro,S,0.7,0.6,0,200,200
Ikebukuro,S,0.7,0.6,0,200,200
Ikebukuro,S,0.7,0.6,0,200,200
Ikebukuro,S,0.7,0.6,0,200,200
Ikebukuro,S,0.7,0.6,0,200,200
Ikebukuro,S,0.7,0.6,0,200,200
Ikebukuro,S,0.7,0.6,0,200,200
Ikebukuro,S,0.7,0.6,0,200,200
Ikebukuro,S,0.7,0.6,0,200,200
Ikebukuro,S,0.7,0.6,0,200,200
Ikebukuro,S,0.7,0.6,0,200,200
Ikebukuro,S,0.7,0.6,0,200,200
Ikebukuro,S,0.7,0.6,0,200,200
Ikebukuro,S,0.7,0.6,0,200,200
Ikebukuro,S,0.7,0.6,0,200,200
Ikebukuro,S,0.7,0.6,0,200,200
Ikebukuro,S,0.7,0.6,0,200,200
Ikebukuro,S,0.7,0.6,0,200,200
Ikebukuro,S,0.7,0.6,0,200,200
Ikebukuro,S,0.7,0.6,0,200,200
Ikebukuro,S,0.7,0.6,0,200,200
Ikebukuro,S,0.7,0.6,0,200,200
Ikebukuro,S,0.7,0.6,0,200,200
Ikebukuro,S,0.7,0.6,0,200,200
Ikebukuro,S,0.7,0.6,0,200,200
Ikebukuro,S,0.7,0.6,0,200,200
Ikebukuro,S,0.7,0.6,0,200,200
Ikebukuro,S,0.7,0.6,0,200,200
Ikebukuro,S,0.7,0.6,0,200,200
Ikebukuro,S,0.7,0.6,0,200,200
Ikebukuro,S,0.7,0.6,0,200,200
Ikebukuro,S,0.7,0.6,0,200,200
Ikebukuro,S,0.7,0.6,0,200,200
Ikebukuro,S,0.7,0.6,0,200,200
Ikebukuro,S,0.7,0.6,0,200,200
Ikebukuro,S,0.7,0.6,0,200,200
Ikebukuro,S,0.7,0.6,0,200,200
Ikebukuro,S,0.7,0.6,0,200,200
Ikebukuro,S,0.7,0.6,0,200,200
Ikebukuro,S,0.7,0.6,0,200,200
Ikebukuro,S,0.7,0.6,0,200,200
Ikebukuro,S,0.7,0.6,0,200,200
Ikebukuro,S,0.7,0.6,0,200,200
Ikebukuro,S,0.7,0.6,0,200,200
Ikebukuro,S,0.7,0.6,0,200,200
Ikebukuro,S,0.7,0.6,0,200,200
Ikebukuro,S,0.7,0.6,0,200,200
Ikebukuro,S,0.7,0.6,0,200,200
Ikebukuro,S,0.7,0.6,0,200,200
Ikebukuro,S,0.7,0.6,0,200,200
Ikebukuro,S,0.7,0.6,0,200,200
Ikebukuro,S,0.7,0.6,0,200,200
Ikebukuro,S,0.7,0.6,0,200,200
Ikebukuro,S,0.7,0.6,0,200,200
Ikebukuro,S,0.7,0.6,0,200,200
Ikebukuro,S,0.7,0.6,0,200,200
Ikebukuro,S,0.7,0.6,0,200,200
Ikebukuro,S,0.7,0.6,0,200,200
Ikebukuro,S,0.7,0.6,0,200,200
Ikebukuro,S,0.7,0.6,0,200,200
Ikebukuro,S,0.7,0.6,0,200,200
Ikebukuro,S,0.7,0.6,0,200,200
Ikebukuro,S,0.7,0.6,0,200,200
Ikebukuro,S,0.7,0.6,0,200,200
Ikebukuro,S,0.7,0.6,0,200,200
Ikebukuro,S,0.7,0.6,0,200,200
Ikebukuro,S,0.7,0.6,0,200,200
Ikebukuro,S,0.7,0.6,0,200,200
Ikebukuro,S,0.7,0.6,0,200,200
Ikebukuro,S,0.7,0.6,0,200,200
Ikebukuro,S,0.7,0.6,0,200,200
Ikebukuro,S,0.7,0.6,0,200,200
Ikebukuro,S,0.7,0.6,0,200,200
Ikebukuro,S,0.7,0.6,0,200,200
Ikebukuro,S,0.7,0.6,0,200,200
Ikebukuro,S,0.7,0.6,0,200,200
Ikebukuro,S,0.7,0.6,0,200,200
Ikebukuro,S,0.7,0.6,0,200,200
Ikebukuro,S,0.7,0.6,0,200,200
Ikebukuro,S,0.7,0.6,0,200,200
Ikebukuro,S,0.7,0.6,0,200,200
Ikebukuro,S,0.7,0.6,0,200,200
Ikebukuro,S,0.7,0.6,0,200,200
Ikebukuro,S,0.7,0.6,0,200,200
Ikebukuro,S,0.7,0.6,0,200,200
Ikebukuro,S,0.7,0.6,0,200,200
Ikebukuro,S,0.7,0.6,0,200,200
Ikebukuro,S,0.7,0.6,0,200,200
Ikebukuro,S,0.7,0.6,0,200,200
Ikebukuro,S,0.7,0.6,0,200,200
Ikebukuro,S,0.7,0.6,0,200,200
Ikebukuro,S,0.7,0.6,0,200,200
Ikebukuro,S,0.7,0.6,0,200,200
Ikebukuro,S,0.7,0.6,0,200,200
Ikebukuro,S,0.7,0.6,0,200,200
Ikebukuro,S,0.7,0.6,0,200,200
Ikebukuro,S,0.7,0.6,0,200,200
Ikebukuro,S,0.7,0.6,0,200,200
Ikebukuro,S,0.7,0.6,0,200,200
Ikebukuro,S,0.7,0.6,0,200,200
Ikebukuro,S,0.7,0.6,0,200,200
Ikebukuro,S,0.7,0.6,0,200,200
Ikebukuro,S,0.7,0.6,0,200,200
Ikebukuro,S,0.7,0.6,0,200,200
Ikebukuro,S,0.7,0.6,0,200,200
Ikebukuro,S,0.7,0.6,0,200,200
Ikebukuro,S,0.7,0.6,0,200,200
Ikebukuro,S,0.7,0.6,0,200,200
Ikebukuro,S,0.7,0.6,0,200,200
Ikebukuro,S,0.7,0.6,0,200,200
Ikebukuro,S,0.7,0.6,0,200,200
Ikebukuro,S,0.7,0.6,0,200,200
Ikebukuro,S,0.7,0.6,0,200,200
Ikebukuro,S,0.7,0.6,0,200,200
Ikebukuro,S,0.7,0.6,0,200,200
Ikebukuro,S,0.7,0.6,0,200,200
Ikebukuro,S,0.7,0.6,0,200,200
Ikebukuro,S,0.7,0.6,0,200,200
Ikebukuro,S,0.7,0.6,0,200,200
Ikebukuro,S,0.7,0.6,0,200,200
Ikebukuro,S,0.7,0.6,0,200,200
Ikebukuro,S,0.7,0.6,0,200,200
Ikebukuro,S,0.7,0.6,0,200,200
Ikebukuro,S,0.7,0.6,0,200,200
Ikebukuro,S,0.7,0.6,0,200,200
Ikebukuro,S,0.7,0.6,0,200,200
Ikebukuro,S,0.7,0.6,0,200,200
Ikebukuro,S,0.7,0.6,0,200,200
Ikebukuro,S,0.7,0.6,0,200,200
Ikebukuro,S,0.7,0.6,0,200,200
Ikebukuro,S,0.7,0.6,0,200,200
Ikebukuro,S,0.7,0.6,0,200,200
Ikebukuro,S,0.7,0.6,0,200,200
Ikebukuro,S,0.7,0.6,0,200,200
Ikebukuro,S,0.7,0.6,0,200,200
Ikebukuro,S,0.7,0.6,0,200,200
Ikebukuro,S,0.7,0.6,0,200,200
Ikebukuro,S,0.7,0.6,0,200,200
Ikebukuro,S,0.7,0.6,0,200,200
Ikebukuro,S,0.7,0.6,0,200,200
Ikebukuro,S,0.7,0.6,0,200,200
Ikebukuro,S,0.7,0.6,0,200,200
Ikebukuro,S,0.7,0.6,0,200,200
Ikebukuro,S,0.7,0.6,0,200,200
Ikebukuro,S,0.7,0.6,0,200,200
Ikebukuro,S,0.7,0.6,0,200,200
Ikebukuro,S,0.7,0.6,0,200,200
Ikebukuro,S,0.7,0.6,0,200,200
Ikebukuro,S,0.7,0.6,0,200,200
Ikebukuro,S,0.7,0.6,0,200,200
Ikebukuro,S,0.7,0.6,0,200,200
Ikebukuro,S,0.7,0.6,0,200,200
Ikebukuro,S,0.7,0.6,0,200,200
Ikebukuro,S,0.7,0.6,0,200,200
Ikebukuro,S,0.7,0.6,0,200,200
Ikebukuro,S,0.7,0.6,0,200,200
Ikebukuro,S,0.7,0.6,0,200,200
Ikebukuro,S,0.7,0.6,0,200,200
Ikebukuro,S,0.7,0.6,0,200,200
Ikebukuro,S,0.7,0.6,0,200,200
Ikebukuro,S,0.7,0.6,0,200,200
Ikebukuro,S,0.7,0.6,0,200,200
Ikebukuro,S,0.7,0.6,0,200,200
Ikebukuro,S,0.7,0.6,0,200,200
Ikebukuro,S,0.7,0.6,0,200,200
Ikebukuro,S,0.7,0.6,0,200,200
Ikebukuro,S,0.7,0.6,0,200,200
Ikebukuro,S,0.7,0.6,0,200,200
Ikebukuro,S,0.7,0.6,0,200,200
Ikebukuro,S,0.7,0.6,0,200,200
Ikebukuro,S,0.7,0.6,0,200,200
Ikebukuro,S,0.7,0.6,0,200,200
Ikebukuro,S,0.7,0.6,0,200,200
Ikebukuro,S,0.7,0.6,0,200,200
Ikebukuro,S,0.7,0.6,0,200,200
Ikebukuro,S,0.7,0.6,0,200,200
Ikebukuro,S,0.7,0.6,0,200,200
Ikebukuro,S,0.7,0.6,0,200,200
Ikebukuro,S,0.7,0.6,0,200,200
Ikebukuro,S,0.7,0.6,0,200,200
Ikebukuro,S,0.7,0.6,0,200,200
Ikebukuro,S,0.7,0.6,0,200,200
Ikebukuro,S,0.7,0.6,0,200,200
Ikebukuro,S,0.7,0.6,0,200,200
Ikebukuro,S,0.7,0.6,0,200,200
Ikebukuro,S,0.7,0.6,0,200,200
Ikebukuro,S,0.7,0.6,0,200,200
Ikebukuro,S,0.7,0.6,0,200,200
Ikebukuro,S,0.7,0.6,0,200,200
Ikebukuro,S,0.7,0.6,0,200,200
Ikebukuro,S,0.7,0.6,0,200,200
Ikebukuro,S,0.7,0.6,0,200,200
Ikebukuro,S,0.7,0.6,0,200,200
Ikebukuro,S,0.7,0.6,0,200,200
Ikebukuro,S,0.7,0.6,0,200,200
Ikebukuro,S,0.7,0.6,0,200,200
Ikebukuro,S,0.7,0.6,0,200,200
Ikebukuro,S,0.7,0.6,0,200,200
Ikebukuro,S,0.7,0.6,0,200,200
Ikebukuro,S,0.7,0.6,0,200,200
Ikebukuro,S,0.7,0.6,0,200,200
Ikebukuro,S,0.7,0.6,0,200,200
Ikebukuro,S,0.7,0.6,0,200,200
Ikebukuro,S,0.7,0.6,0,200,200
Ikebukuro,S,0.7,0.6,0,200,200
Ikebukuro,S,0.7,0.6,0,200,200
Ikebukuro,S,0.7,0.6,0,200,200
Ikebukuro,S,0.7,0.6,0,200,200
Ikebukuro,S,0.7,0.6,0,200,200
Ikebukuro,S,0.7,0.6,0,200,200
Ikebukuro,S,0.7,0.6,0,200,200
Ikebukuro,S,0.7,0.6,0,200,200
Ikebukuro,S,0.7,0.6,0,200,200
Ikebukuro,S,0.7,0.6,0,200,200
Ikebukuro,S,0.7,0.6,0,200,200
Ikebukuro,S,0.7,0.6,0,200,200
Ikebukuro,S,0.7,0.6,0,200,200
Ikebukuro,S,0.7,0.6,0,200,200
Ikebukuro,S,0.7,0.6,0,200,200
Ikebukuro,S,0.7,0.6,0,200,200
Ikebukuro,S,0.7,0.6,0,200,200
Ikebukuro,S,0.7,0.6,0,200,200
Ikebukuro,S,0.7,0.6,0,200,200
Ikebukuro,S,0.7,0.6,0,200,200
Ikebukuro,S,0.7,0.6,0,200,200
Ikebukuro,S,0.7,0.6,0,200,200
Ikebukuro,S,0.7,0.6,0,200,200
Ikebukuro,S,0.7,0.6,0,200,200
Ikebukuro,S,0.7,0.6,0,200,200
Ikebukuro,S,0.7,0.6,0,200,200
Ikebukuro,S,0.7,0.6,0,200,200
Ikebukuro,S,0.7,0.6,0,200,200
Ikebukuro,S,0.7,0.6,0,200,200
Ikebukuro,S,0.7,0.6,0,200,200
Ikebukuro,S,0.7,0.6,0,200,200
Ikebukuro,S,0.7,0.6,0,200,200
Ikebukuro,S,0.7,0.6,0,200,200
Ikebukuro,S,0.7,0.6,0,200,200
Ikebukuro,S,0.7,0.6,0,200,200
Ikebukuro,S,0.7,0.6,0,200,200
Ikebukuro,S,0.7,0.6,0,200,200
Ikebukuro,S,0.7,0.6,0,200,200
Ikebukuro,S,0.7,0.6,0,200,200
Ikebukuro,S,0.7,0.6,0,200,200
Ikebukuro,S,0.7,0.6,0,200,200
Harajuku,S,0.7,0.6,0,200,200
Harajuku,S,0.7,0.6,0,200,200
Harajuku,S,0.7,0.6,0,200,200
Harajuku,S,0.7,0.6,0,200,200
Harajuku,S,0.7,0.6,0,200,200
Harajuku,S,0.7,0.6,0,200,200
Harajuku,S,0.7,0.6,0,200,200
Harajuku,S,0.7,0.6,0,200,200
Harajuku,S,0.7,0.6,0,200,200
Harajuku,S,0.7,0.6,0,200,200
Harajuku,S,0.7,0.6,0,200,200
Harajuku,S,0.7,0.6,0,200,200
Harajuku,S,0.7,0.6,0,200,200
Harajuku,S,0.7,0.6,0,200,200
Harajuku,S,0.7,0.6,0,200,200
Harajuku,S,0.7,0.6,0,200,200
Harajuku,S,0.7,0.6,0,200,200
Harajuku,S,0.7,0.6,0,200,200
Harajuku,S,0.7,0.6,0,200,200
Harajuku,S,0.7,0.6,0,200,200
Harajuku,S,0.7,0.6,0,200,200
Shibuya,S,0.7,0.6,0,200,200
Shibuya,S,0.7,0.6,0,200,200
Shibuya,S,0.7,0.6,0,200,200
Shibuya,S,0.7,0.6,0,200,200
Shibuya,S,0.7,0.6,0,200,200
Shibuya,S,0.7,0.6,0,200,200
Shibuya,S,0.7,0.6,0,200,200
Shibuya,S,0.7,0.6,0,200,200
Shibuya,S,0.7,0.6,0,200,200
Shibuya,S,0.7,0.6,0,200,200
Shibuya,S,0.7,0.6,0,200,200
Shibuya,S,0.7,0.6,0,200,200
Shibuya,S,0.7,0.6,0,200,200
Shibuya,S,0.7,0.6,0,200,200
Shibuya,S,0.7,0.6,0,200,200
Shibuya,S,0.7,0.6,0,200,200
Shibuya,S,0.7,0.6,0,200,200
Shibuya,S,0.7,0.6,0,200,200
Shibuya,S,0.7,0.6,0,200,200
Shibuya,S,0.7,0.6,0,200,200
Shibuya,S,0.7,0.6,0,200,200
Shibuya,S,0.7,0.6,0,200,200
Shibuya,S,0.7,0.6,0,200,200
Shibuya,S,0.7,0.6,0,200,200
Shibuya,S,0.7,0.6,0,200,200
Shibuya,S,0.7,0.6,0,200,200
Shibuya,S,0.7,0.6,0,200,200
Shibuya,S,0.7,0.6,0,200,200
Shibuya,S,0.7,0.6,0,200,200
Shibuya,S,0.7,0.6,0,200,200
Shibuya,S,0.7,0.6,0,200,200
Shibuya,S,0.7,0.6,0,200,200
Shibuya,S,0.7,0.6,0,200,200
Shibuya,S,0.7,0.6,0,200,200
Shibuya,S,0.7,0.6,0,200,200
Shibuya,S,0.7,0.6,0,200,200
Shibuya,S,0.7,0.6,0,200,200
Shibuya,S,0.7,0.6,0,200,200
Shibuya,S,0.7,0.6,0,200,200
Shibuya,S,0.7,0.6,0,200,200
Shibuya,S,0.7,0.6,0,200,200
Shibuya,S,0.7,0.6,0,200,200
Shibuya,S,0.7,0.6,0,200,200
Shibuya,S,0.7,0.6,0,200,200
Shibuya,S,0.7,0.6,0,200,200
Shibuya,S,0.7,0.6,0,200,200
Shibuya,S,0.7,0.6,0,200,200
Shibuya,S,0.7,0.6,0,200,200
Shibuya,S,0.7,0.6,0,200,200
Shibuya,S,0.7,0.6,0,200,200
Shibuya,S,0.7,0.6,0,200,200
Shibuya,S,0.7,0.6,0,200,200
Shibuya,S,0.7,0.6,0,200,200
Shibuya,S,0.7,0.6,0,200,200
Shibuya,S,0.7,0.6,0,200,200
Shibuya,S,0.7,0.6,0,200,200
Shibuya,S,0.7,0.6,0,200,200
Shibuya,S,0.7,0.6,0,200,200
Shibuya,S,0.7,0.6,0,200,200
Shibuya,S,0.7,0.6,0,200,200
Shibuya,S,0.7,0.6,0,200,200
Shibuya,S,0.7,0.6,0,200,200
Shibuya,S,0.7,0.6,0,200,200
Shibuya,S,0.7,0.6,0,200,200
Shibuya,S,0.7,0.6,0,200,200
Shibuya,S,0.7,0.6,0,200,200
Shibuya,S,0.7,0.6,0,200,200
Shibuya,S,0.7,0.6,0,200,200
Shibuya,S,0.7,0.6,0,200,200
Shibuya,S,0.7,0.6,0,200,200
Shibuya,S,0.7,0.6,0,200,200
Shibuya,S,0.7,0.6,0,200,200
Shibuya,S,0.7,0.6,0,200,200
Shibuya,S,0.7,0.6,0,200,200
Shibuya,S,0.7,0.6,0,200,200
Shibuya,S,0.7,0.6,0,200,200
Shibuya,S,0.7,0.6,0,200,200
Shibuya,S,0.7,0.6,0,200,200
Shibuya,S,0.7,0.6,0,200,200
Shibuya,S,0.7,0.6,0,200,200
Shibuya,S,0.7,0.6,0,200,200
Shibuya,S,0.7,0.6,0,200,200
Shibuya,S,0.7,0.6,0,200,200
Shibuya,S,0.7,0.6,0,200,200
Shibuya,S,0.7,0.6,0,200,200
Shibuya,S,0.7,0.6,0,200,200
Shibuya,S,0.7,0.6,0,200,200
Shibuya,S,0.7,0.6,0,200,200
Shibuya,S,0.7,0.6,0,200,200
Shibuya,S,0.7,0.6,0,200,200
Shibuya,S,0.7,0.6,0,200,200
Shibuya,S,0.7,0.6,0,200,200
Shibuya,S,0.7,0.6,0,200,200
Shibuya,S,0.7,0.6,0,200,200
Shibuya,S,0.7,0.6,0,200,200
Shibuya,S,0.7,0.6,0,200,200
Shibuya,S,0.7,0.6,0,200,200
Shibuya,S,0.7,0.6,0,200,200
Shibuya,S,0.7,0.6,0,200,200
Shibuya,S,0.7,0.6,0,200,200
Shibuya,S,0.7,0.6,0,200,200
Shibuya,S,0.7,0.6,0,200,200
Shibuya,S,0.7,0.6,0,200,200
Shibuya,S,0.7,0.6,0,200,200
Shibuya,S,0.7,0.6,0,200,200
Shibuya,S,0.7,0.6,0,200,200
Shibuya,S,0.7,0.6,0,200,200
Shibuya,S,0.7,0.6,0,200,200
Shibuya,S,0.7,0.6,0,200,200
Shibuya,S,0.7,0.6,0,200,200
Shibuya,S,0.7,0.6,0,200,200
Shibuya,S,0.7,0.6,0,200,200
Shibuya,S,0.7,0.6,0,200,200
Shibuya,S,0.7,0.6,0,200,200
Shibuya,S,0.7,0.6,0,200,200
Shibuya,S,0.7,0.6,0,200,200
Shibuya,S,0.7,0.6,0,200,200
Shibuya,S,0.7,0.6,0,200,200
Shibuya,S,0.7,0.6,0,200,200
Shibuya,S,0.7,0.6,0,200,200
Shibuya,S,0.7,0.6,0,200,200
Shibuya,S,0.7,0.6,0,200,200
Shibuya,S,0.7,0.6,0,200,200
Shibuya,S,0.7,0.6,0,200,200
Shibuya,S,0.7,0.6,0,200,200
Shibuya,S,0.7,0.6,0,200,200
Shibuya,S,0.7,0.6,0,200,200
Shibuya,S,0.7,0.6,0,200,200
Shibuya,S,0.7,0.6,0,200,200
Shibuya,S,0.7,0.6,0,200,200
Shibuya,S,0.7,0.6,0,200,200
Shibuya,S,0.7,0.6,0,200,200
Shibuya,S,0.7,0.6,0,200,200
Shibuya,S,0.7,0.6,0,200,200
Shibuya,S,0.7,0.6,0,200,200
Shibuya,S,0.7,0.6,0,200,200
Shibuya,S,0.7,0.6,0,200,200
Shibuya,S,0.7,0.6,0,200,200
Shibuya,S,0.7,0.6,0,200,200
Shibuya,S,0.7,0.6,0,200,200
Shibuya,S,0.7,0.6,0,200,200
Shibuya,S,0.7,0.6,0,200,200
Shibuya,S,0.7,0.6,0,200,200
Shibuya,S,0.7,0.6,0,200,200
Shibuya,S,0.7,0.6,0,200,200
Shibuya,S,0.7,0.6,0,200,200
Shibuya,S,0.7,0.6,0,200,200
Shibuya,S,0.7,0.6,0,200,200
Shibuya,S,0.7,0.6,0,200,200
Shibuya,S,0.7,0.6,0,200,200
Shibuya,S,0.7,0.6,0,200,200
Shibuya,S,0.7,0.6,0,200,200
Shibuya,S,0.7,0.6,0,200,200
Shibuya,S,0.7,0.6,0,200,200
Shibuya,S,0.7,0.6,0,200,200
Shibuya,S,0.7,0.6,0,200,200
Shibuya,S,0.7,0.6,0,200,200
Shibuya,S,0.7,0.6,0,200,200
Shibuya,S,0.7,0.6,0,200,200
Shibuya,S,0.7,0.6,0,200,200
Shibuya,S,0.7,0.6,0,200,200
Shibuya,S,0.7,0.6,0,200,200
Shibuya,S,0.7,0.6,0,200,200
Shibuya,S,0.7,0.6,0,200,200
Shibuya,S,0.7,0.6,0,200,200
Shibuya,S,0.7,0.6,0,200,200
Shibuya,S,0.7,0.6,0,200,200
Shibuya,S,0.7,0.6,0,200,200
Shibuya,S,0.7,0.6,0,200,200
Shibuya,S,0.7,0.6,0,200,200
Shibuya,S,0.7,0.6,0,200,200
Shibuya,S,0.7,0.6,0,200,200
Shibuya,S,0.7,0.6,0,200,200
Shibuya,S,0.7,0.6,0,200,200
Shibuya,S,0.7,0.6,0,200,200
Shibuya,S,0.7,0.6,0,200,200
Shibuya,S,0.7,0.6,0,200,200
Shibuya,S,0.7,0.6,0,200,200
Shibuya,S,0.7,0.6,0,200,200
Shibuya,S,0.7,0.6,0,200,200
Shibuya,S,0.7,0.6,0,200,200
Shibuya,S,0.7,0.6,0,200,200
Shibuya,S,0.7,0.6,0,200,200
Shibuya,S,0.7,0.6,0,200,200
Shibuya,S,0.7,0.6,0,200,200
Shibuya,S,0.7,0.6,0,200,200
Shibuya,S,0.7,0.6,0,200,200
Shibuya,S,0.7,0.6,0,200,200
Shibuya,S,0.7,0.6,0,200,200
Shibuya,S,0.7,0.6,0,200,200
Shibuya,S,0.7,0.6,0,200,200
Shibuya,S,0.7,0.6,0,200,200
Shibuya,S,0.7,0.6,0,200,200
Shibuya,S,0.7,0.6,0,200,200
Shibuya,S,0.7,0.6,0,200,200
Shibuya,S,0.7,0.6,0,200,200
Shibuya,S,0.7,0.6,0,200,200
Shibuya,S,0.7,0.6,0,200,200
Shibuya,S,0.7,0.6,0,200,200
Shibuya,S,0.7,0.6,0,200,200
Shibuya,S,0.7,0.6,0,200,200
Shibuya,S,0.7,0.6,0,200,200
Shibuya,S,0.7,0.6,0,200,200
Shibuya,S,0.7,0.6,0,200,200
Shibuya,S,0.7,0.6,0,200,200
Shibuya,S,0.7,0.6,0,200,200
Shibuya,S,0.7,0.6,0,200,200
Shibuya,S,0.7,0.6,0,200,200
Shibuya,S,0.7,0.6,0,200,200
Shibuya,S,0.7,0.6,0,200,200
Shibuya,S,0.7,0.6,0,200,200
Shibuya,S,0.7,0.6,0,200,200
Shibuya,S,0.7,0.6,0,200,200
Shibuya,S,0.7,0.6,0,200,200
Shibuya,S,0.7,0.6,0,200,200
Shibuya,S,0.7,0.6,0,200,200
Shibuya,S,0.7,0.6,0,200,200
Shibuya,S,0.7,0.6,0,200,200
Shibuya,S,0.7,0.6,0,200,200
Shibuya,S,0.7,0.6,0,200,200
Shibuya,S,0.7,0.6,0,200,200
Shibuya,S,0.7,0.6,0,200,200
Shibuya,S,0.7,0.6,0,200,200
Shibuya,S,0.7,0.6,0,200,200
Shibuya,S,0.7,0.6,0,200,200
Shibuya,S,0.7,0.6,0,200,200
Shibuya,S,0.7,0.6,0,200,200
Shibuya,S,0.7,0.6,0,200,200
Shibuya,S,0.7,0.6,0,200,200
Shibuya,S,0.7,0.6,0,200,200
Shibuya,S,0.7,0.6,0,200,200
Shibuya,S,0.7,0.6,0,200,200
Shibuya,S,0.7,0.6,0,200,200
Shibuya,S,0.7,0.6,0,200,200
Shibuya,S,0.7,0.6,0,200,200
Shibuya,S,0.7,0.6,0,200,200
Shibuya,S,0.7,0.6,0,200,200
Shibuya,S,0.7,0.6,0,200,200
Shibuya,S,0.7,0.6,0,200,200
Shibuya,S,0.7,0.6,0,200,200
Shibuya,S,0.7,0.6,0,200,200
Shibuya,S,0.7,0.6,0,200,200
Shibuya,S,0.7,0.6,0,200,200
Shibuya,S,0.7,0.6,0,200,200
Shibuya,S,0.7,0.6,0,200,200
Shibuya,S,0.7,0.6,0,200,200
Shibuya,S,0.7,0.6,0,200,200
Shibuya,S,0.7,0.6,0,200,200
Shibuya,S,0.7,0.6,0,200,200
Shibuya,S,0.7,0.6,0,200,200
Shibuya,S,0.7,0.6,0,200,200
Shibuya,S,0.7,0.6,0,200,200
Shibuya,S,0.7,0.6,0,200,200
Shibuya,S,0.7,0.6,0,200,200
Shibuya,S,0.7,0.6,0,200,200
Shibuya,S,0.7,0.6,0,200,200
Shibuya,S,0.7,0.6,0,200,200
Shibuya,S,0.7,0.6,0,200,200
Shibuya,S,0.7,0.6,0,200,200
Shibuya,S,0.7,0.6,0,200,200
Shibuya,S,0.7,0.6,0,200,200
Shibuya,S,0.7,0.6,0,200,200
Shibuya,S,0.7,0.6,0,200,200
Shibuya,S,0.7,0.6,0,200,200
Shibuya,S,0.7,0.6,0,200,200
Shibuya,S,0.7,0.6,0,200,200
Shibuya,S,0.7,0.6,0,200,200
Shibuya,S,0.7,0.6,0,200,200
Shibuya,S,0.7,0.6,0,200,200
Shibuya,S,0.7,0.6,0,200,200
Shibuya,S,0.7,0.6,0,200,200
Shibuya,S,0.7,0.6,0,200,200
Shibuya,S,0.7,0.6,0,200,200
Shibuya,S,0.7,0.6,0,200,200
Shibuya,S,0.7,0.6,0,200,200
Shibuya,S,0.7,0.6,0,200,200
Shibuya,S,0.7,0.6,0,200,200
Shibuya,S,0.7,0.6,0,200,200
Shibuya,S,0.7,0.6,0,200,200
Shibuya,S,0.7,0.6,0,200,200
Shibuya,S,0.7,0.6,0,200,200
Shibuya,S,0.7,0.6,0,200,200
Shibuya,S,0.7,0.6,0,200,200
Shibuya,S,0.7,0.6,0,200,200
Shibuya,S,0.7,0.6,0,200,200
Shibuya,S,0.7,0.6,0,200,200
Shibuya,S,0.7,0.6,0,200,200
Shibuya,S,0.7,0.6,0,200,200
Shibuya,S,0.7,0.6,0,200,200
Shibuya,S,0.7,0.6,0,200,200
Shibuya,S,0.7,0.6,0,200,200
Shibuya,S,0.7,0.6,0,200,200
Shibuya,S,0.7,0.6,0,200,200
Shibuya,S,0.7,0.6,0,200,200
Shibuya,S,0.7,0.6,0,200,200
Shibuya,S,0.7,0.6,0,200,200
Shibuya,S,0.7,0.6,0,200,200
Shibuya,S,0.7,0.6,0,200,200
Shibuya,S,0.7,0.6,0,200,200
Shibuya,S,0.7,0.6,0,200,200
Shibuya,S,0.7,0.6,0,200,200
Shibuya,S,0.7,0.6,0,200,200
Ebisu,S,0.7,0.6,0,200,200
Ebisu,S,0.7,0.6,0,200,200
Ebisu,S,0.7,0.6,0,200,200
Ebisu,S,0.7,0.6,0,200,200
Ebisu,S,0.7,0.6,0,200,200
Ebisu,S,0.7,0.6,0,200,200
Ebisu,S,0.7,0.6,0,200,200
Ebisu,S,0.7,0.6,0,200,200
Ebisu,S,0.7,0.6,0,200,200
Ebisu,S,0.7,0.6,0,200,200
Ebisu,S,0.7,0.6,0,200,200
Ebisu,S,0.7,0.6,0,200,200
Ebisu,S,0.7,0.6,0,200,200
Ebisu,S,0.7,0.6,0,200,200
Ebisu,S,0.7,0.6,0,200,200
Ebisu,S,0.7,0.6,0,200,200
Ebisu,S,0.7,0.6,0,200,200
Ebisu,S,0.7,0.6,0,200,200
Ebisu,S,0.7,0.6,0,200,200
Ebisu,S,0.7,0.6,0,200,200
Ebisu,S,0.7,0.6,0,200,200
Ebisu,S,0.7,0.6,0,200,200
Ebisu,S,0.7,0.6,0,200,200
Ebisu,S,0.7,0.6,0,200,200
Ebisu,S,0.7,0.6,0,200,200
Ebisu,S,0.7,0.6,0,200,200
Ebisu,S,0.7,0.6,0,200,200
Ebisu,S,0.7,0.6,0,200,200
Ebisu,S,0.7,0.6,0,200,200
Ebisu,S,0.7,0.6,0,200,200
Ebisu,S,0.7,0.6,0,200,200
Ebisu,S,0.7,0.6,0,200,200
Ebisu,S,0.7,0.6,0,200,200
Ebisu,S,0.7,0.6,0,200,200
Ebisu,S,0.7,0.6,0,200,200
Ebisu,S,0.7,0.6,0,200,200
Osaki,S,0.7,0.6,0,200,200
Osaki,S,0.7,0.6,0,200,200
Osaki,S,0.7,0.6,0,200,200
Osaki,S,0.7,0.6,0,200,200
Osaki,S,0.7,0.6,0,200,200
Osaki,S,0.7,0.6,0,200,200
Osaki,S,0.7,0.6,0,200,200
Osaki,S,0.7,0.6,0,200,200
Osaki,S,0.7,0.6,0,200,200
Osaki,S,0.7,0.6,0,200,200
Osaki,S,0.7,0.6,0,200,200
Osaki,S,0.7,0.6,0,200,200
Osaki,S,0.7,0.6,0,200,200
Osaki,S,0.7,0.6,0,200,200
Osaki,S,0.7,0.6,0,200,200
Osaki,S,0.7,0.6,0,200,200
Osaki,S,0.7,0.6,0,200,200
Osaki,S,0.7,0.6,0,200,200
Osaki,S,0.7,0.6,0,200,200
Osaki,S,0.7,0.6,0,200,200
Osaki,S,0.7,0.6,0,200,200
Osaki,S,0.7,0.6,0,200,200
Osaki,S,0.7,0.6,0,200,200
Osaki,S,0.7,0.6,0,200,200
Osaki,S,0.7,0.6,0,200,200
